-- phpMyAdmin SQL Dump
-- version 4.6.5.2
-- https://www.phpmyadmin.net/
--
-- Хост: 127.0.0.1:3306
-- Время создания: Апр 19 2020 г., 13:01
-- Версия сервера: 5.5.53-MariaDB
-- Версия PHP: 7.0.14

SET SQL_MODE = "NO_AUTO_VALUE_ON_ZERO";
SET time_zone = "+00:00";


/*!40101 SET @OLD_CHARACTER_SET_CLIENT=@@CHARACTER_SET_CLIENT */;
/*!40101 SET @OLD_CHARACTER_SET_RESULTS=@@CHARACTER_SET_RESULTS */;
/*!40101 SET @OLD_COLLATION_CONNECTION=@@COLLATION_CONNECTION */;
/*!40101 SET NAMES utf8mb4 */;

--
-- База данных: `house-market`
--

-- --------------------------------------------------------

--
-- Структура таблицы `hm_articles`
--

CREATE TABLE `hm_articles` (
  `id` int(11) NOT NULL,
  `create_time` datetime NOT NULL,
  `update_time` datetime NOT NULL,
  `title` varchar(250) NOT NULL,
  `slug` varchar(150) NOT NULL,
  `short_text` text,
  `full_text` text NOT NULL,
  `image` varchar(300) DEFAULT NULL,
  `link` varchar(300) DEFAULT NULL,
  `user_id` int(11) DEFAULT NULL,
  `status` int(11) NOT NULL DEFAULT '0',
  `is_protected` tinyint(1) NOT NULL DEFAULT '0',
  `keywords` varchar(250) NOT NULL,
  `description` varchar(250) NOT NULL,
  `meta_title` varchar(250) NOT NULL,
  `category_id` int(11) DEFAULT NULL,
  `sort_id` int(11) DEFAULT '0'
) ENGINE=InnoDB DEFAULT CHARSET=utf8;

--
-- Дамп данных таблицы `hm_articles`
--

INSERT INTO `hm_articles` (`id`, `create_time`, `update_time`, `title`, `slug`, `short_text`, `full_text`, `image`, `link`, `user_id`, `status`, `is_protected`, `keywords`, `description`, `meta_title`, `category_id`, `sort_id`) VALUES
(1, '2020-03-07 20:10:07', '2020-03-09 22:27:09', 'Как прописаться в доме', 'kak-propisatsya-v-dome', '<p>Для того....&nbsp;Lorem Ipsum has been the industry\'s standard dummy text ever since the 1500s, when an unknown printer took a galley of type and scrambled it to make a type specimen book.&nbsp;</p>', '<p>Для того, чтобы прописаться в доме необходимо:</p>\r\n<ol>\r\n<li>Купить домовую книгу, в любом книжном магазине</li>\r\n<li>Заверить домовую книгу в БТИ</li>\r\n<li>Сдать домовую книгу, заверенную БТИ в МФЦ</li>\r\n<li>Зарегистрироваться в паспортном столе</li>\r\n<li>В паспортный стол предоставить документы: <br />&middot; Документ, удостоверяющий личность (паспорт) <br />&middot; Домовую книгу</li>\r\n</ol>\r\n<div>\r\n<p><strong>Lorem Ipsum</strong><span>&nbsp;</span>is simply dummy text of the printing and typesetting industry. Lorem Ipsum has been the industry\'s standard dummy text ever since the 1500s, when an unknown printer took a galley of type and scrambled it to make a type specimen book. It has survived not only five centuries, but also the leap into electronic typesetting, remaining essentially unchanged. It was popularised in the 1960s with the release of Letraset sheets containing Lorem Ipsum passages, and more recently with desktop publishing software like Aldus PageMaker including versions of Lorem Ipsum.</p>\r\n</div>\r\n<div>\r\n<div>\r\n<p>Lorem Ipsum has been the industry\'s standard dummy text ever since the 1500s, when an unknown printer took a galley of type and scrambled it to make a type specimen book. It has survived not only five centuries, but also the leap into electronic typesetting, remaining essentially unchanged. It was popularised in the 1960s with the release of Letraset sheets containing Lorem Ipsum passages, and more recently with desktop publishing software like Aldus PageMaker including versions of Lorem Ipsum.</p>\r\n</div>\r\n<div></div>\r\n</div>', NULL, NULL, 1, 1, 0, '', '', '', NULL, 1);

-- --------------------------------------------------------

--
-- Структура таблицы `hm_articles_tag`
--

CREATE TABLE `hm_articles_tag` (
  `id` int(11) NOT NULL,
  `name` varchar(255) NOT NULL
) ENGINE=InnoDB DEFAULT CHARSET=utf8;

-- --------------------------------------------------------

--
-- Структура таблицы `hm_articles_to_tag`
--

CREATE TABLE `hm_articles_to_tag` (
  `article_id` int(11) NOT NULL,
  `tag_id` int(11) NOT NULL
) ENGINE=InnoDB DEFAULT CHARSET=utf8;

-- --------------------------------------------------------

--
-- Структура таблицы `hm_callback`
--

CREATE TABLE `hm_callback` (
  `id` int(11) NOT NULL,
  `name` varchar(255) DEFAULT NULL,
  `phone` varchar(255) DEFAULT NULL,
  `time` varchar(255) DEFAULT NULL,
  `comment` varchar(255) DEFAULT NULL,
  `status` int(11) DEFAULT '0',
  `create_time` datetime DEFAULT NULL,
  `url` text
) ENGINE=InnoDB DEFAULT CHARSET=utf8;

-- --------------------------------------------------------

--
-- Структура таблицы `hm_category_category`
--

CREATE TABLE `hm_category_category` (
  `id` int(11) NOT NULL,
  `parent_id` int(11) DEFAULT NULL,
  `slug` varchar(150) NOT NULL,
  `name` varchar(250) NOT NULL,
  `image` varchar(250) DEFAULT NULL,
  `short_description` text,
  `description` text NOT NULL,
  `status` tinyint(1) NOT NULL DEFAULT '1'
) ENGINE=InnoDB DEFAULT CHARSET=utf8;

-- --------------------------------------------------------

--
-- Структура таблицы `hm_contentblock_content_block`
--

CREATE TABLE `hm_contentblock_content_block` (
  `id` int(11) NOT NULL,
  `name` varchar(250) NOT NULL,
  `code` varchar(100) NOT NULL,
  `type` int(11) NOT NULL DEFAULT '1',
  `content` text NOT NULL,
  `description` varchar(255) DEFAULT NULL,
  `category_id` int(11) DEFAULT NULL,
  `status` tinyint(1) NOT NULL DEFAULT '1',
  `is_system` tinyint(1) NOT NULL DEFAULT '0'
) ENGINE=InnoDB DEFAULT CHARSET=utf8;

--
-- Дамп данных таблицы `hm_contentblock_content_block`
--

INSERT INTO `hm_contentblock_content_block` (`id`, `name`, `code`, `type`, `content`, `description`, `category_id`, `status`, `is_system`) VALUES
(1, 'Телефон', 'phone', 3, '<p><a href=\"tel:+73433023101\">+7 (343) <span>302-31-01</span></a></p>', '', NULL, 1, 1),
(2, 'Копирайт в подвале', 'copy', 3, '<p><span>&copy;&nbsp;&laquo;HouseМаркет&raquo;, с 2020г.</span></p>\r\n<p><span>Строительство и продажа готовых домов</span></p>', '', NULL, 1, 1),
(3, 'Ссылка \"Написать в WhatsApp\"', 'to-whatsapp', 3, '<p><a href=\"https://wa.me/79220388161\">Написать в&nbsp;whatsapp</a></p>', '', NULL, 1, 1),
(4, 'Блок \"Поделиться\"', 'share', 4, '<script src=\"https://yastatic.net/es5-shims/0.0.2/es5-shims.min.js\"></script>\r\n<script src=\"https://yastatic.net/share2/share.js\"></script>\r\n<div class=\"ya-share2\" data-services=\"collections,vkontakte,facebook,odnoklassniki,moimir\"></div>', '', NULL, 1, 0);

-- --------------------------------------------------------

--
-- Структура таблицы `hm_dictionary_data`
--

CREATE TABLE `hm_dictionary_data` (
  `id` int(11) NOT NULL,
  `group_id` int(11) NOT NULL,
  `name` varchar(250) NOT NULL,
  `image` varchar(250) DEFAULT NULL,
  `description` text,
  `create_time` datetime NOT NULL,
  `update_time` datetime NOT NULL,
  `create_user_id` int(11) DEFAULT NULL,
  `status` int(11) NOT NULL DEFAULT '1',
  `position` int(11) DEFAULT '1',
  `data` text
) ENGINE=InnoDB DEFAULT CHARSET=utf8;

--
-- Дамп данных таблицы `hm_dictionary_data`
--

INSERT INTO `hm_dictionary_data` (`id`, `group_id`, `name`, `image`, `description`, `create_time`, `update_time`, `create_user_id`, `status`, `position`, `data`) VALUES
(1, 1, 'одноэтажный', NULL, '<p>1 этаж</p>', '2020-02-29 20:20:54', '2020-03-04 23:54:25', 1, 1, 1, NULL),
(2, 1, 'двухэтажный', NULL, '<p>2 этажа</p>', '2020-02-29 20:21:02', '2020-03-04 23:54:40', 1, 1, 2, NULL),
(3, 1, 'мансарда', NULL, '<p>мансарда</p>', '2020-02-29 20:21:10', '2020-03-04 23:54:07', 1, 1, 3, NULL),
(4, 2, 'Сдан', NULL, '', '2020-02-29 20:21:18', '2020-02-29 20:21:18', 1, 1, 4, NULL),
(5, 2, 'Строится', NULL, '', '2020-02-29 20:21:24', '2020-02-29 20:21:24', 1, 1, 5, NULL),
(6, 2, 'Под заказ', NULL, '', '2020-02-29 20:21:29', '2020-02-29 20:21:29', 1, 1, 6, NULL),
(7, 3, 'Чистые Росы', NULL, '', '2020-02-29 20:21:46', '2020-04-14 20:13:37', 1, 1, 28, '{\"bold\":\"0\",\"map\":\"<script type=\\\"text\\/javascript\\\" charset=\\\"utf-8\\\" async=\\\"\\\" src=\\\"https:\\/\\/api-maps.yandex.ru\\/services\\/constructor\\/1.0\\/js\\/?um=constructor%3A628ef246c1c37d8a19a6ae8a4136e53df148f1e526a1292d64c1141694e7b01a&amp;width=100%25&amp;height=400&amp;lang=ru_RU&amp;scroll=true\\\"><\\/script>\"}'),
(8, 4, '1000', NULL, '<p>Участков продано</p>', '2020-03-04 23:36:21', '2020-03-04 23:36:21', 1, 1, 8, NULL),
(9, 4, '1000', NULL, '<p>Участков продано</p>', '2020-03-04 23:36:21', '2020-03-04 23:36:21', 1, 1, 9, NULL),
(10, 4, '1000', NULL, '<p>Участков продано</p>', '2020-03-04 23:36:21', '2020-03-04 23:36:21', 1, 1, 10, NULL),
(11, 4, '1000', NULL, '<p>Участков продано</p>', '2020-03-04 23:36:21', '2020-03-04 23:36:21', 1, 1, 11, NULL),
(12, 4, '1000', NULL, '<p>Участков продано</p>', '2020-03-04 23:36:21', '2020-03-04 23:36:21', 1, 1, 12, NULL),
(13, 4, '1000', NULL, '<p>Участков продано</p>', '2020-03-04 23:36:21', '2020-03-04 23:36:21', 1, 1, 13, NULL),
(14, 5, 'Заявка на сотрудничество', NULL, '<p><a href=\"#order\">Заявка <small>на сотрудничество</small></a></p>', '2020-03-04 23:38:24', '2020-04-19 13:23:40', 1, 1, 14, NULL),
(15, 5, 'Скачать анкету', NULL, '<p><a href=\"/\">Скачать анкету <small>для добавления на сайт</small></a></p>', '2020-03-04 23:38:53', '2020-04-19 13:25:06', 1, 1, 15, NULL),
(16, 6, 'Застройщик', 'review-user-image2.png', '<p>Текст отзыва.&nbsp;Lorem ipsum dolor sit amet, consectetur adipisicing elit. Architecto dolore dolores explicabo obcaecati quis tempore. Cum, dignissimos dolor doloremque, dolores ea expedita, hic itaque nihil possimus praesentium quidem recusandae sint.</p>', '2020-03-04 23:39:12', '2020-03-14 17:09:05', 1, 1, 16, NULL),
(17, 6, 'Застройщик', NULL, '<p>Текст отзыва</p>', '2020-03-04 23:39:12', '2020-03-04 23:39:12', 1, 1, 17, NULL),
(18, 6, 'Застройщик', NULL, '<p>Текст отзыва</p>', '2020-03-04 23:39:12', '2020-03-04 23:39:12', 1, 1, 18, NULL),
(19, 3, 'Чистые росы 2', NULL, '', '2020-03-10 18:54:00', '2020-04-14 20:13:43', 1, 1, 29, NULL),
(20, 7, 'Сбербанк', 'bank-1.png', '', '2020-03-10 20:53:44', '2020-03-14 17:08:37', 1, 1, 20, NULL),
(21, 7, 'РоссельхозБанк', 'bank-2.png', '', '2020-03-14 17:10:22', '2020-03-14 17:10:22', 1, 1, 21, NULL),
(22, 7, 'МТС Банк', 'bank-3.png', '', '2020-03-14 17:10:50', '2020-03-14 17:10:50', 1, 1, 22, NULL),
(23, 7, 'ГазПромБанк', 'bank-4.png', '', '2020-03-14 17:11:14', '2020-03-14 17:11:14', 1, 1, 23, NULL),
(24, 7, 'Запсибкомбанк', 'bank-5.png', '', '2020-03-14 17:11:40', '2020-03-14 17:11:40', 1, 1, 24, NULL),
(25, 3, 'Бобровский', NULL, '', '2020-04-14 20:12:51', '2020-04-14 20:13:34', 1, 1, 7, '{\"bold\":\"1\",\"map\":\"\"}'),
(26, 3, 'Бобровские дачи', NULL, '', '2020-04-14 20:13:00', '2020-04-14 20:13:34', 1, 1, 19, '{\"bold\":\"0\",\"map\":\"\"}'),
(27, 3, 'Новобобровский', NULL, '', '2020-04-14 20:13:08', '2020-04-14 20:13:34', 1, 1, 25, '{\"bold\":\"0\",\"map\":\"\"}'),
(28, 3, 'Косулино', NULL, '', '2020-04-14 20:13:13', '2020-04-14 20:13:34', 1, 1, 26, '{\"bold\":\"1\",\"map\":\"\"}'),
(29, 3, 'Косулино Парк', NULL, '', '2020-04-14 20:13:23', '2020-04-14 20:13:34', 1, 1, 27, '{\"bold\":\"0\",\"map\":\"\"}'),
(30, 3, 'Рассоха', NULL, '', '2020-04-14 20:13:53', '2020-04-14 20:13:53', 1, 1, 30, '{\"bold\":\"1\",\"map\":\"\"}'),
(31, 3, 'Дарвин', NULL, '', '2020-04-14 20:13:58', '2020-04-14 20:13:58', 1, 1, 31, '{\"bold\":\"0\",\"map\":\"\"}'),
(32, 3, 'Рассоха Парк', NULL, '', '2020-04-14 20:14:04', '2020-04-14 20:14:04', 1, 1, 32, '{\"bold\":\"0\",\"map\":\"\"}');

-- --------------------------------------------------------

--
-- Структура таблицы `hm_dictionary_group`
--

CREATE TABLE `hm_dictionary_group` (
  `id` int(11) NOT NULL,
  `code` varchar(100) NOT NULL,
  `name` varchar(250) NOT NULL,
  `description` varchar(250) NOT NULL DEFAULT '',
  `create_time` datetime NOT NULL,
  `update_time` datetime NOT NULL,
  `create_user_id` int(11) DEFAULT NULL,
  `type` varchar(255) NOT NULL
) ENGINE=InnoDB DEFAULT CHARSET=utf8;

--
-- Дамп данных таблицы `hm_dictionary_group`
--

INSERT INTO `hm_dictionary_group` (`id`, `code`, `name`, `description`, `create_time`, `update_time`, `create_user_id`, `type`) VALUES
(1, 'etazhnost', 'Этажность', '', '2020-02-29 20:20:13', '2020-02-29 20:20:13', 1, ''),
(2, 'gotovnost', 'Готовность', '', '2020-02-29 20:20:19', '2020-02-29 20:20:19', 1, ''),
(3, 'poselki', 'Поселки', '', '2020-02-29 20:20:25', '2020-04-14 20:09:24', 1, 'DictionaryDataVillage'),
(4, 'partners-numeric', 'Партнерам: в цифрах', '', '2020-03-04 23:35:14', '2020-03-04 23:35:14', 1, ''),
(5, 'partners-buttons', 'Партнерам: кнопки', '', '2020-03-04 23:35:34', '2020-03-04 23:35:34', 1, ''),
(6, 'partners-reviews', 'Партнерам: отзывы', '', '2020-03-04 23:35:50', '2020-03-04 23:35:50', 1, ''),
(7, 'banki-ipoteka', 'Банки (ипотека)', '', '2020-03-10 20:52:28', '2020-03-10 20:52:28', 1, '');

-- --------------------------------------------------------

--
-- Структура таблицы `hm_feedback_feedback`
--

CREATE TABLE `hm_feedback_feedback` (
  `id` int(11) NOT NULL,
  `category_id` int(11) DEFAULT NULL,
  `answer_user` int(11) DEFAULT NULL,
  `create_time` datetime NOT NULL,
  `update_time` datetime NOT NULL,
  `name` varchar(150) NOT NULL,
  `email` varchar(150) NOT NULL,
  `phone` varchar(150) DEFAULT NULL,
  `theme` varchar(250) NOT NULL,
  `text` text NOT NULL,
  `answer` text NOT NULL,
  `answer_time` datetime DEFAULT NULL,
  `status` int(11) NOT NULL DEFAULT '0',
  `ip` varchar(20) NOT NULL
) ENGINE=InnoDB DEFAULT CHARSET=utf8;

-- --------------------------------------------------------

--
-- Структура таблицы `hm_help`
--

CREATE TABLE `hm_help` (
  `id` int(11) NOT NULL,
  `category_id` int(11) DEFAULT NULL,
  `parent_id` int(11) DEFAULT NULL,
  `create_time` datetime NOT NULL,
  `update_time` datetime NOT NULL,
  `user_id` int(11) DEFAULT NULL,
  `title` varchar(250) NOT NULL,
  `title_short` varchar(250) NOT NULL,
  `icon` varchar(250) NOT NULL,
  `body` mediumtext NOT NULL,
  `layout` varchar(250) NOT NULL,
  `status` int(11) NOT NULL,
  `order` int(11) NOT NULL,
  `show_isset_module` varchar(150) DEFAULT NULL
) ENGINE=InnoDB DEFAULT CHARSET=utf8;

--
-- Дамп данных таблицы `hm_help`
--

INSERT INTO `hm_help` (`id`, `category_id`, `parent_id`, `create_time`, `update_time`, `user_id`, `title`, `title_short`, `icon`, `body`, `layout`, `status`, `order`, `show_isset_module`) VALUES
(1, NULL, NULL, '2019-07-13 17:13:03', '2019-10-29 15:52:15', 1, 'Главная страница', '', 'home', '<h2>Главная страница панели администратора</h2>\r\n<p>На главной странице панели администратора расположены виджеты с наиболее важными событиями и уведомлениям (в зависимости от подключенных модулей описанные ниже виджеты могут отсутствовать):</p>\r\n<h4>Виджет \"Заказы\"</h4>\r\n<p>Отображает общее количество заказов, сколько из них новых и сколько в работе.</p>\r\n<h4>Виджет \"Сообщения\"&nbsp;</h4>\r\n<p>Отображает сообщения с форм обратной связи, сколько всего было сообщений&nbsp;и сколько из них ждет ответа.</p>\r\n<h4>Виджет \"Обратный звонок\"</h4>\r\n<p>Отображает количество запросов на обратный звонок.</p>\r\n<h4>Виджет \"Уведомления\"</h4>\r\n<p>Отображает количество комментариев, отзывов, пользователей.</p>\r\n<p></p>\r\n<p></p>\r\n<h4>Виджет \"Статистика заказов\"</h4>\r\n<p>В тарифах <strong>\"Интернет-магазин\"</strong> дополнительно выводится статистика по последним заказам:</p>\r\n<p>Количество заказов в текущем месяце, сколько из них обработано и общая сумма обработанных заказов.</p>\r\n<p>В правой части виджета изображен график заказов за последние 10 дней. Белая шкала - количество заказов за день, Коричневая - сумма заказов за день.</p>\r\n<p><img src=\"/help/images/main_orders.jpg\" width=\"721\" height=\"259\" makepreview=\"false\" caption=\"false\" /></p>', '', 1, 1, ''),
(2, NULL, NULL, '2019-07-13 18:10:10', '2019-10-29 15:52:15', 1, 'Пользователи', '', 'user', '', '', 1, 6, NULL),
(3, NULL, NULL, '2019-07-13 18:10:19', '2019-10-29 15:52:15', 1, 'Настройки сайта', '', 'wrench', '<h2>Общие настройки</h2>\r\n<h4>Логотип</h4>\r\n<p>Логотип сайта, доступны следующие форматы изображений: <em><span style=\"text-decoration: underline;\">jpg, jpeg, png, gif</span></em>.&nbsp;</p>\r\n<p><strong>Внимание!</strong> Логотип загружается \"как есть\", т.е. НЕ будет подогнан по размеру, учитывайте это при загрузке логотипа.</p>\r\n<p></p>\r\n<h4>Фавиконка</h4>\r\n<p>Favicon - значок веб-cайта или веб-страницы. Отображается браузером в адресной строке перед URL страницы, а также в качестве картинки рядом с закладкой, в вкладках и других элементах интерфейса. Предпочтительное расширение файла: <span style=\"text-decoration: underline;\"><em>ico</em></span>.</p>\r\n<h4>Название сайта</h4>\r\n<p>Основное название сайта, выводится в тэге title главной страницы, а так же используется в e-mail уведомлениях, если не указано краткое название сайта.</p>\r\n<h4>Краткое название сайта</h4>\r\n<p>Используется в e-mail уведомлениях, печати состава заказа и других местах, где преимущественно&nbsp;использовать краткое название сайте.</p>\r\n<h4>Описание сайта</h4>\r\n<p>META-тэг description главной страницы сайта</p>\r\n<h4>Ключевые слова</h4>\r\n<p>META-тэг keywords главной страницы сайта</p>\r\n<h4>Суффикс для внутренних страниц</h4>\r\n<p><span>Будет добавлен к названию страницы, если не указан индивидуальный заголовок.</span><br /><span>Например, для страницы \"Доставка\" тег Title примет вид:&nbsp;</span><i>Доставка | суффикс</i></p>\r\n<h4><span>Показывать панель о сборе технических данных</span></h4>\r\n<p><span></span>Если вы используете cookie, данные об IP-адресе и местоположении, то в соответствии с&nbsp;152-ФЗ необходимо&nbsp;всем новым пользователям сайта предупреждение с текстом о том, что вы собираете метаданные пользователя.</p>\r\n<h4>Ограничение в админ-панель по IP</h4>\r\n<p>Разрешить вход в админ панель только с указанных IP адресов.</p>\r\n<p><strong>Внимание!</strong> Будьте&nbsp;осторожны при использовании данной опции, т.к. при вводе неверных данным можете потерять доступ к панели управления!</p>\r\n<p></p>\r\n<h2>Уведомления</h2>\r\n<h4><span>Название компании в заголовке e-mail \"от кого\"</span></h4>\r\n<p><span>При заполненном&nbsp;поле в поле \"от кого\" вместо e-mail адреса будет отображаться&nbsp;название компании</span></p>\r\n<h4><span>Email отправителя</span></h4>\r\n<p><span>Определяет, с какого адреса будут отправляться все уведомления с сайта. Учитываю жесткую&nbsp;политику антиспама следует указать почтовый адрес, который располагается на текущем домене, а так же настроить SPF, DKIM и DMARC для текущего домена. Более подробную информацию&nbsp;об этом можно получить у своего хостинг-провайдера.</span></p>\r\n<h4><span>Email для уведомлений</span></h4>\r\n<p><span>Почтовый адрес, на который будут приходить уведомления о событиях на сайте. Можно указать несколько адресов через запятую.</span></p>\r\n<h4><span>Email администратора</span></h4>\r\n<p><span>Почтовый адрес администратора, на который будут приходить системные уведомления с сайта. Можно указать несколько адресов через запятую.</span></p>\r\n<h2>Теги/счетчики</h2>\r\n<h4><span>Теги в блоке HEAD</span></h4>\r\n<p><span>Поле для указания META-тегов и скриптов, которые должны находиться в между тегами &lt;head&gt;&lt;/head&gt;</span></p>\r\n<h4><span>Счетчики и другие скрипты</span></h4>\r\n<p><span>Поле для указания кодов метрик, аналитики, счетчиков, кодов CRM-систем и другие&nbsp;скрипты.</span></p>\r\n<h2>Водяные знаки</h2>\r\n<h4><span>Расположение водяного знака</span></h4>\r\n<p><span>Опция определяет, в какой части изображения будет находится водяной знак.</span></p>\r\n<h4><span>Размер водяного знака</span></h4>\r\n<p><span>Опция определяет размер водяного знака относительно изображения:</span></p>\r\n<ul>\r\n<li><span>Как есть - водяной знак не будет подгоняться под размер изображения</span></li>\r\n<li><span>1:1 - если размер водяного знака больше чем изображение, на которые накладывается водяной знак, то водяной знак будет уменьшен до размеров изображения.</span></li>\r\n<li><span>1:2 - 1:10 - определяем масштаб водяного знака относительно&nbsp;изображения. Например: при выборе значения 1:5 - водяной знак будет иметь размеры не более 1/5 высоты и ширины изображения.</span></li>\r\n</ul>\r\n<p><span><strong>Внимание!</strong> Размеры водяного знака не могут быть увеличены, а только уменьшены. Учитывайте это при загрузке водяного знака. Слишком маленький&nbsp;водяной знак может быть не заметен на слишком большом изображении, даже при установленном размере 1:1</span></p>\r\n<h4><span>Водяной знак</span></h4>\r\n<p>Файл-картинка водяного знака, доступны следующие форматы изображений: <em><span style=\"text-decoration: underline;\">jpg, jpeg, png, gif</span></em>.&nbsp;</p>', '', 1, 49, ''),
(4, NULL, NULL, '2019-07-13 18:10:24', '2019-10-29 15:52:15', 1, 'Контент', '', 'file', '', '', 1, 12, NULL),
(5, NULL, 4, '2019-07-13 19:13:21', '2019-10-29 15:52:15', 1, 'Страницы', '', 'file', '<p>Модуль служит для публикации на сайте страниц с текстово-графическим содержанием.</p>\r\n<blockquote>\r\n<p>Общее описание списка и элементов управления представлено&nbsp;<a href=\"/backend/help/help/?page=8\">здесь</a></p>\r\n<p><span>Общее описание формы создания и редактирования представлено <a href=\"/backend/help/help/?page=9\">здесь</a></span></p>\r\n</blockquote>\r\n<h2><span>Описание индивидуальных опций</span></h2>\r\n<h4>Родитель</h4>\r\n<p>Страницы могут иметь иерархическую структуру (вложенность).&nbsp;Раздел, в котором будет находиться данная страница задается в выпадающем&nbsp;списке \"Родитель\" (вкладка \"Общее\").</p>\r\n<h4>Не добавлять в карту сайта</h4>\r\n<p>Если опция включена, то данная страница не попадет в файл карты сайта <em>sitemap.xml</em></p>\r\n<h4>Виджеты</h4>\r\n<p>Виджеты, которые можно разместить на странице описаны на <a href=\"/backend/help/help/?page=16\">этой странице</a></p>', '', 1, 14, 'page'),
(6, NULL, 4, '2019-07-13 19:14:36', '2019-10-29 15:52:15', 1, 'Блоки контента', '', 'th-large', '<p>Модуль служит для публикации на сайте самостоятельных блоков с текстово-графическим содержанием.</p>\r\n<blockquote>\r\n<p>Общее описание списка и элементов управления представлено&nbsp;<a href=\"/backend/help/help/?page=8\">здесь</a></p>\r\n<p><span>Общее описание формы создания и редактирования представлено <a href=\"/backend/help/help/?page=9\">здесь</a></span></p>\r\n</blockquote>\r\n<h2><span>Описание индивидуальных опций</span></h2>\r\n<h4><span>Код</span></h4>\r\n<p><span>Уникальный&nbsp;буквенно-цифровой код, может содержать латинские символы, цифры и символы \"_\", \"-\". Используется&nbsp;в качестве идентификатора для вывода на сайте.</span></p>\r\n<h4><span>Тип</span></h4>\r\n<p>Доступные типы и их особенности:</p>\r\n<ul>\r\n<li>Простой текст - все вхождения тегов и других спец. символов будут преобразованы в читаемый текст.</li>\r\n<li>HTML код - содержание заполняется через расширенный редактор&nbsp;текста, поддерживается оформление, вставка изображений, и других интерактивных элементов.</li>\r\n<li>Необработанный текст - текст выводится \"как есть\". Доступны теги, подключение внешних скриптов и др.</li>\r\n</ul>\r\n<h4><span>Описание</span></h4>\r\n<p><span>Используется только в панели администратора, на сайте не используется.</span></p>\r\n<h2><span>Вывод на сайте</span></h2>\r\n<p><span>Вывести на блок на сайте можно двумя способами:</span><span></span></p>\r\n<p><span>1. Вывод блока контента на текстовой странице (модуль \"Страницы\"). Для этого в тексте страницы необходимо указать следующую конструкцию: <strong>[block:КОД_БЛОКА]</strong></span></p>\r\n<p><span>2. Вывод&nbsp;блока контента в HTML-шаблоне. Для этого надо указать следующую конструкцию: <strong>&lt;?php echo $this-widget(\'content\', [\'code\' =&gt; \'КОД_БЛОКА\'])?&gt;</strong></span></p>\r\n<p></p>\r\n<blockquote>\r\n<p><span>Описание остальных виджетов, которые можно разместить на странице описаны на <a href=\"/backend/help/help/?page=16\">этой странице</a></span></p>\r\n</blockquote>', '', 1, 13, 'contentblock'),
(7, NULL, NULL, '2019-08-18 12:40:44', '2019-10-29 15:52:15', 1, 'Общий интерфейс', '', 'laptop', '', '', 1, 2, NULL),
(8, NULL, 7, '2019-08-18 12:41:09', '2019-10-29 15:52:15', 1, 'Список и элементы управления', '', 'list-alt', '<h2>Список и элементы управления</h2>\r\n<p>Рассмотрим элементы управления&nbsp;на примере модуля \"<em>Страницы\"</em> (интерфейс всех модулей идентичный)&nbsp;</p>\r\n<p>В верхнем правом углу распложены следующие элементы управления:</p>\r\n<h4>1. Расширенный поиск</h4>\r\n<p>Разворачивает панель расширенного поиска</p>\r\n<h4>2. Кнопка \"Добавить\"</h4>\r\n<p>Для добавления новой страницы/новости/товара и др., в зависимости&nbsp;от модуля.</p>\r\n<h4>3. Кнопка \"Удалить\"</h4>\r\n<p>Кнопка \"Удалить\" - для удаление одной и более страниц за раз (выделение страниц осуществляется галочкой в левой части списка)</p>\r\n<h4>4. Блок сортировки</h4>\r\n<p>Сортировка по заданному&nbsp;полю. Первый клик по заголовку отсортирует список по этому полю в порядке возрастания. При повторном клике на этом же заголовке список будет отсортирован в порядке убывания.&nbsp;</p>\r\n<h4>5. Набор полей для быстрой фильтрации</h4>\r\n<p>Для быстрого поиска необходимого элемента введите в поле для быстрой фильтрации произвольное значение и нажмите Enter (либо переключитесь на другой элемент). После этого в списке останутся&nbsp;только те элементы, которые удовлетворяют вашему запросу.</p>\r\n<p></p>\r\n<p>Общее представление списка элементов:</p>\r\n<p><img src=\"/help/images/control.png\" makepreview=\"false\" caption=\"false\" width=\"887\" height=\"453\" /></p>\r\n<h2>Порядок вывода элементов на сайте</h2>\r\n<p>Для изменения порядка&nbsp;вывода элементов на сайте (сортировки) нажмите левой кнопкой мыши на выбранном элементе и удерживая кнопку перенесите элемент в новое место.</p>\r\n<p>Некоторым элементам можно задать сортировку в форме редактирования. Позиция вывода задается числом. Чем меньше число - тем выше выводится элемент.</p>\r\n<p>Некоторые модули не поддерживают сортировку таким способом, например, в модуле новостей новости выводятся по дате, а в каталоге товаров порядок вывода задается в настройках магазина.</p>\r\n<h2>Элементы управления</h2>\r\n<p>В правой части от заголовка страниц находятся 4 кнопки управления (набор кнопок может отличаться в некоторых модулях):</p>\r\n<h4>1. Просмотр на сайте</h4>\r\n<p>Перенаправит Вас на соответствующую&nbsp;страницу сайта, если элемент доступен для просмотра на сайте.</p>\r\n<h4>2. Просмотр</h4>\r\n<p>Информации о выбранном элементе в интерфейсе администратора</p>\r\n<h4>3. Редактирование</h4>\r\n<p>Переход на страницу редактирования текущего элемента</p>\r\n<h4>4. Удаление</h4>\r\n<p>Удалит выбранный элемент</p>\r\n<p><img src=\"/help/images/widget.png\" alt=\"\" makepreview=\"false\" width=\"327\" height=\"171\" /></p>\r\n<h2>Быстрое редактирование</h2>\r\n<p>Значения, подчеркнутые пунктирной линией поддерживают быстрое редактирование. Кликните левой кнопкой мыши для того, чтобы отредактировать выбранное значение.</p>\r\n<p><img src=\"/help/images/fast-edit.png\" makepreview=\"false\" caption=\"false\" width=\"438\" height=\"92\" /></p>\r\n<h2>Количество элементов на странице</h2>\r\n<p>В правом нижнем углу можно настроить количество выводимых элементов на странице.<br /><img src=\"/help/images/count-items.png\" makepreview=\"false\" caption=\"false\" width=\"338\" height=\"66\" /></p>', '', 1, 4, ''),
(9, NULL, 7, '2019-08-18 12:41:33', '2019-10-29 15:52:15', 1, 'Форма создания и редактирования', '', 'desktop', '<p>Формы создания и редактирования разделена на блоки. Блоки представлены отдельными вкладками, либо отдельными блоками на одной общей вкладке.</p>\r\n<h2>Блок общих данных</h2>\r\n<p>Описание основных элементов:</p>\r\n<ul>\r\n<li>Заголовок и URL (если элемент предполагает размещение на сайте в виде отдельной страницы). При создании новой страниц&nbsp;URL заполнится автоматически (конвертируя заголовок в транслит).</li>\r\n<li>Статус страницы - определяет, показывать элемент на сайте или нет.</li>\r\n<li>Основное содержание элемента (текст страницы, новости, описание товара и др.)&nbsp;</li>\r\n<li>Доступность только авторизованным - некоторые элементы&nbsp;имеют такую опцию. Содержание такого элемента на сайте можно будет&nbsp;увидеть только после авторизации.</li>\r\n</ul>\r\n<h2>Блок СЕО</h2>\r\n<p>Мета-теги, используемые для СЕО-продвижения:&nbsp;</p>\r\n<ul>\r\n<li><span>Заголовок H1 - заголовок, который будет выводится на странице в теге H1 (присутствует не у всех элементов)</span></li>\r\n<li><span>Заголовок Title -&nbsp;заголовок, который будет выводится на странице в теге Title (отображается в результатах поисковых систем и на вкладке браузера)</span></li>\r\n<li>Описание (Description) - описание элемента, отображается в результатах поисковых систем</li>\r\n<li><span>Ключевые слова (Keywords) - набор ключевых слов или фраз</span></li>\r\n</ul>\r\n<h2>Дополнительные параметры</h2>\r\n<p>Некоторые элементы модулей имеют свои собственные параметры, они будут описаны разделе своего модуля.</p>', '', 1, 5, ''),
(10, NULL, 7, '2019-08-29 10:43:26', '2019-10-29 15:52:15', 1, 'Основное меню', '', 'bars', '<h2>Описание пунктов основного меню</h2>\r\n<p>На всех страницах панели администратора&nbsp;в верхней части находится общее меню и включает следующие пункты:</p>\r\n<h4>Пользователи</h4>\r\n<p>Управление пользователями и правами доступа.</p>\r\n<h4>Контент</h4>\r\n<p>Содержит основные модули наполнения сайта (блоки контента, страницы, слайды, новости и другие).</p>\r\n<h4>Структура</h4>\r\n<p>Содержит модули отвечающие за структуру сайта: меню, справочники.</p>\r\n<h4>Сервисы</h4>\r\n<p>Находятся остальные модули для работы с сайтом: модули обратной связи, карта сайта, настройка файла robots.txt и другие</p>\r\n<h4>Система</h4>\r\n<p>Общие настройки сайта, работа с кешем.</p>\r\n<p>Для более быстрой работы сайта, некоторые элементы, наборы данных и ресурсы (отвечающие за оформление сайта) хранятся в кеше, а не формируются каждый раз. Поэтому может возникнуть ситуация, когда какой-либо элемент был изменен в панели администратора, но на сайте изменения не применились, в этом случае следует сбросить кеш. После сброса кеша первая загрузка сайта может быть более долгой, т.к. происходит первичное заполнение кеша.</p>\r\n<p>Есть несколько вариантов сброса кеша:</p>\r\n<ul>\r\n<li><strong>Очистить кеш</strong> - очистит только данные</li>\r\n<li><strong>Очистить ресурсы</strong> - очистит ресурсы, отвечающие за оформление сайта</li>\r\n<li><strong>Очистить кеш и ресурсы</strong>&nbsp;- очистит весь кеш (аналогично, если нажать на пункт&nbsp;\"Система\" -&gt; \"Очистить кеш\", не переходя на 3-й уровень меню)</li>\r\n</ul>\r\n<p></p>\r\n<h4>Магазин</h4>\r\n<p>Содержит модули для работы с магазином: заказы, способы оплаты и доставки, купоны, импорт/экспорт товаров.</p>\r\n<h4>Каталог</h4>\r\n<p>Управление каталогом товаров и всеми сопутствующими&nbsp;элементами каталога (бренды, поставщики, атрибуты товаров)</p>\r\n<h2>Быстрый доступ</h2>\r\n<p>В правой части меню находятся кнопки быстрого доступа (счетчик уведомлений в верхней части иконки покажет, есть ли какие-либо события по этому модулю)</p>\r\n<p><img src=\"/help/icons/icon-order.png\" makepreview=\"false\" caption=\"false\" width=\"43\" height=\"41\" />&nbsp;- список заказов</p>\r\n<p>&nbsp;<img src=\"/help/icons/icon-review.png\" alt=\"\" width=\"41\" height=\"42\" makepreview=\"false\" />- отзывы</p>\r\n<p><img src=\"/help/icons/icon-mail.png\" alt=\"\" width=\"42\" height=\"44\" makepreview=\"false\" />&nbsp;- запросы на обратный звонок и сообщения с сайта</p>\r\n<p><img src=\"/help/icons/icon-home.png\" alt=\"\" width=\"44\" height=\"43\" makepreview=\"false\" />- главная страница сайт</p>\r\n<p><img src=\"/help/icons/icon-help.png\" alt=\"\" width=\"45\" height=\"36\" makepreview=\"false\" />- раздел помощи</p>\r\n<p><img src=\"/help/icons/icon-user.png\" alt=\"\" width=\"51\" height=\"44\" makepreview=\"false\" />&nbsp;- редактирование профиля текущего пользователя или выход из панели администратора</p>', '', 1, 3, ''),
(11, NULL, 2, '2019-08-29 10:44:39', '2019-10-29 15:52:15', 1, 'Изменение пароля', '', 'lock', '<p>Чтобы изменить пароль, необходимо&nbsp;в <a href=\"/backend/user/user/\" target=\"_blank\" rel=\"noopener\">списке пользователей</a> нажать на иконку&nbsp;<img src=\"/help/icons/icon-password.png\" alt=\"\" width=\"33\" height=\"30\" makepreview=\"false\" />&nbsp; рядом с выбранным&nbsp;пользователем. Откроется страница, где можно будет задать новый пароль.</p>', '', 1, 7, ''),
(12, NULL, 2, '2019-08-29 10:45:00', '2019-10-29 15:52:15', 1, 'Настройка прав и привилегий', '', '', '', '', 2, 11, NULL),
(13, NULL, 2, '2019-08-29 10:45:24', '2019-10-29 15:52:15', 1, 'Индивидуальные скидки', '', 'percent', '<p>На странице редактирования пользователей клиенту можно задать индивидуальную скидку.&nbsp;</p>\r\n<p><img src=\"/help/images/discount.png\" makepreview=\"false\" caption=\"false\" width=\"881\" height=\"222\" /></p>\r\n<p>После авторизации пользователя на сайте все цены будут выводится с учетом его персональной скидки.</p>\r\n<p></p>\r\n<p><em>Если у товара указана своя скидка, то клиент увидит ту скидку, которая больше.</em></p>\r\n<p><em>Например: если скидка на товар 10%, а персональная скидка пользователя 7%, то данный товар будет действовать скидка 10%.</em></p>\r\n<p></p>', '', 1, 9, 'store'),
(15, NULL, 2, '2019-08-30 10:34:49', '2019-10-29 15:52:15', 1, 'Настройки пользователей', '', 'cog', '<p>Если сайт поддерживает регистрацию пользователей, то будут доступны следующие настройки регистрации пользователей:</p>\r\n<h4>Отключить регистрацию</h4>\r\n<p>Опция определяет, доступна ли регистрация новый пользователей на сайте или нет</p>\r\n<h4>Уведомлять администратора о новой регистрации</h4>\r\n<p>При регистрации нового пользователя администратору придет соответствующее уведомление. Если включена опция подтверждения аккаунта по E-mail - уведомление придет только после того, как пользователь подтвердит свой аккаунт.</p>\r\n<h4>Подтверждать аккаунт по E-mail</h4>\r\n<p>Пользователь не сможет авторизоваться на сайте, пока не подтвердить свой аккаунт (используется для борьбы со спамом и нежелательными регистрациями)</p>\r\n<h4>Показывать капчу при регистрации</h4>\r\n<p>При регистрации пользователь увидит проверочный код (используется для борьбы со спамом)</p>', '', 1, 10, ''),
(16, NULL, 4, '2019-09-10 10:17:39', '2019-10-29 15:52:15', 1, 'Виджеты', '', 'cubes', '<h2><span>Блоки контента</span></h2>\r\n<p>Блок контента используется для публикации на сайте самостоятельных блоков с текстово-графическим содержанием. Описание модуля представлено&nbsp;<a href=\"/backend/help/help/?page=6\">здесь</a>.</p>\r\n<p><span>Вывести на блок на сайте можно двумя способами:</span><span></span></p>\r\n<p><span>1. Вывод блока контента на текстовой странице (модуль \"Страницы\"). Для этого в тексте страницы необходимо указать следующую конструкцию:&nbsp;<strong>[block:КОД_БЛОКА]</strong></span></p>\r\n<p><span>2. Вывод&nbsp;блока контента в HTML-шаблоне. Для этого надо указать следующую конструкцию:&nbsp;<strong>&lt;?php echo $this-widget(\'content\', [\'code\' =&gt; \'КОД_БЛОКА\'])?&gt;</strong></span></p>\r\n<h2>Форма обратной связи</h2>\r\n<p>Для вывода формы обратной связи на странице используется&nbsp;конструкция <strong>[feedback]</strong></p>\r\n<p><strong>ВНИМАНИЕ!</strong> Если макет вашего сайте не предполагал вывод формы обратной связи в теле страницы, то форма может выводиться без оформления.</p>\r\n<h2>Список товаров</h2>\r\n<p>В тарифах <strong>\"Интернет-магазин\"&nbsp;</strong>можно вывести выборочный набор товаров на странице, для этого необходимо&nbsp;указать следующую конструкцию:&nbsp;<strong>[products:xxx,yyy,zzz,...]</strong>, где&nbsp;<strong>xxx,yyy,zzz</strong> - ID необходимых для вывода товаров. Количество ID - не ограничено.</p>\r\n<p>ID товара выводится в списке товаров в столбце \"Название\" перед названием товара:</p>\r\n<p><img src=\"/help/images/product-ids.png\" alt=\"\" width=\"530\" height=\"247\" makepreview=\"false\" /></p>', '', 1, 18, 'page'),
(17, NULL, 4, '2019-09-12 11:11:24', '2019-10-29 15:52:15', 1, 'Новости', '', 'bullhorn', '<p>Модуль служит для публикации&nbsp;на сайте новостей, анонсов, мероприятий и другой периодических событий.</p>\r\n<blockquote>\r\n<p>Общее описание списка и элементов управления представлено&nbsp;<a href=\"/backend/help/help/?page=8\">здесь</a></p>\r\n<p><span>Общее описание формы создания и редактирования представлено <a href=\"/backend/help/help/?page=9\">здесь</a></span></p>\r\n</blockquote>\r\n<h2><span>Сортировка</span></h2>\r\n<p>Вывод новостей в панели администратора и на сайте отсортирован по дате новости, от более свежих к более поздним.</p>\r\n<h2><span></span>Настройки модуля&nbsp;</h2>\r\n<p>В настройках модуля можно выбрать количество новостей, выводимых на сайте, а также настройки SEO для страницы списка новостей:</p>\r\n<ul>\r\n<li><span>Тег title для раздела родительского раздела новостей</span></li>\r\n<li><span>Тег description для раздела родительского раздела новостей</span></li>\r\n<li><span>Тег keywords для раздела родительского раздела новостей</span></li>\r\n</ul>\r\n<p></p>\r\n<p><span></span></p>', '', 1, 15, 'news'),
(18, NULL, 4, '2019-09-19 08:39:44', '2019-10-29 15:52:15', 1, 'Комментарии', '', 'comment', '<p>В данном блоке представлены все комментарии, написанные пользователями к товарам.</p>\r\n<blockquote>\r\n<p>Общее описание списка и элементов управления представлено&nbsp;<a href=\"/backend/help/help/?page=8\">здесь</a></p>\r\n<p><span>Общее описание формы создания и редактирования представлено <a href=\"/backend/help/help/?page=9\">здесь</a></span></p>\r\n</blockquote>\r\n<h2><span>Настройки модуля.</span></h2>\r\n<h4><span>Статус комментария по умолчанию (принят, проверка или спам)</span></h4>\r\n<p><span>Устанавливает статус комментария&nbsp;при добавлении</span></p>\r\n<h4><span>Подтверждение комментариев</span></h4>\r\n<p><span>Опция определяет, требуется ли проверка комментариев администраторам</span></p>\r\n<h4><span>Могут ли комментировать гости</span></h4>\r\n<p><span>Если гости не могут комментировать, то вместо формы об этом будет выведено сообщение и ссылки на регистрацию и авторизацию.</span></p>\r\n<h4><span>Показывать капчу для гостей</span></h4>\r\n<p>Незарегистрированный пользователь увидит проверочный код (используется для борьбы со спамом)</p>\r\n<h4><span>Уведомлять ли о новом комментарии</span></h4>\r\n<p><span>Опция определяет, отправлять уведомление о новом комментарии&nbsp;администратору или нет</span></p>\r\n<p><span></span></p>', '', 1, 16, 'comment'),
(19, NULL, 4, '2019-09-19 09:50:26', '2019-10-29 15:52:15', 1, 'Слайдер', '', 'picture-o', '<p>Слайдер выводится как правило на главной странице сайта. При помощи блока Слайдер&nbsp;можно кратко и наглядно показать самую важную информацию. Например, анонсы мероприятий, события, акции и распродажи.</p>\r\n<blockquote>\r\n<p>Общее описание списка и элементов управления представлено&nbsp;<a href=\"/backend/help/help/?page=8\">здесь</a></p>\r\n<p><span>Общее описание формы создания и редактирования представлено <a href=\"/backend/help/help/?page=9\">здесь</a></span><span></span></p>\r\n</blockquote>\r\n<h2><span>Настройка модуля</span></h2>\r\n<h4><span>Размер слайдов (ширина, высота)</span></h4>\r\n<p><span>Задает размеры слайдов</span></p>\r\n<h4><span>Показывать навигацию по слайдам</span></h4>\r\n<p><span>При включенной опции на рядом со слайдером будет выведена навигационная панель с элементами для переключения слайдов в количестве равном количеству слайдов</span></p>\r\n<h4><span>Автопрокрутка</span></h4>\r\n<p><span>При включенной опции слайды будут меняться&nbsp;друг за другом автоматически</span></p>\r\n<h4><span>Пауза при автопрокрутке</span></h4>\r\n<p><span></span>Задает паузу в секундах, через сколько будет показан следующий слайд при включенной автопрокрутке</p>', '', 1, 17, 'slider'),
(21, NULL, 31, '2019-09-19 09:53:48', '2019-11-05 15:20:17', 1, 'Общие параметры', '', 'reorder', '<p><span style=\"background-color: #ffffff;\">На странице списка товаров рядом с основной категорией выводятся дополнительные категории товара, и его варианты. Вариантами могут быть разные объемы/размеры одного товара.</span></p>\r\n<p><img src=\"/help/images/volume.png\" makepreview=\"false\" caption=\"false\" width=\"929\" height=\"213\" /></p>\r\n<h2>Список и элементы управления</h2>\r\n<blockquote>\r\n<p>Общее описание списка и элементов управления представлено&nbsp;<a href=\"/backend/help/help/?page=8\">здесь</a></p>\r\n<p><span>Общее описание формы создания и редактирования представлено <a href=\"/backend/help/help/?page=9\">здесь</a></span><span></span></p>\r\n</blockquote>\r\n<h2>Массовые действия</h2>\r\n<p>В списке товаров есть дополнительный элемент управления -&nbsp;<em><span style=\"text-decoration: underline;\">Массовые действия</span></em>.&nbsp;</p>\r\n<p><img src=\"/help/images/mass-actions.png\" alt=\"\" width=\"486\" height=\"110\" makepreview=\"false\" /></p>\r\n<p>При помощи него можно применить одинаковые действия к нескольким товарам одновременно (товары помечаются галочкой), например, установить цену, выбрать поставщика, применить категорию&nbsp;к товарам, указать наличие на складе и др.</p>\r\n<h2><span></span>Параметры товаров</h2>\r\n<h4><span>Поставщик</span></h4>\r\n<p><span>Никак не участвует&nbsp;в выводе на сайте, используется только в панели администратора.&nbsp;</span></p>\r\n<h4><span>Категория</span></h4>\r\n<p>Устанавливает принадлежность&nbsp;к какой-либо категории товаров. Обязательный элемент.</p>\r\n<h4><span></span>Производитель</h4>\r\n<p>Устанавливает принадлежность к какому-либо производителю/бренду. Подробнее о производителях описано <a href=\"/backend/help/help/?page=27\">здесь</a></p>\r\n<h4>Метки</h4>\r\n<p>Товарам можно задать метки:</p>\r\n<ul>\r\n<li><span>спецпредложение (распродажа)</span></li>\r\n<li><span>новинка</span></li>\r\n<li><span>хит продаж</span></li>\r\n</ul>\r\n<p>В зависимости от макета и тарифа, товары помеченные этими метками могут выводится в соответствующих&nbsp;блоках или страницах, например, блок товаров \"Хит продаж\", или страница \"Новинки\", где будут представлены все товары, помеченные соответствующей меткой</p>\r\n<h4><span>Цена</span></h4>\r\n<p><span>В блоке с ценами устанавливается основная цена товара, а также указать цену на товар со скидкой.</span></p>\r\n<p><span>Если у товара указана цена со скидкой, то основная&nbsp;цена на сайте будет помечена как \"Старая цена\", и будет выведена разница в процентах между старой ценой и ценой со скидкой.</span></p>\r\n<h4><span>Наличие</span></h4>\r\n<p><span>В блоке с наличием устанавливается наличие товара на складе и его точное значение.</span></p>\r\n<p><span><strong>Внимание!</strong> Данная опция выводится на сайте, если это предусмотрено макетом или требованием к сайту.</span></p>\r\n<h2><span>Дополнительные категории</span></h2>\r\n<p><span>Один и тот же товар может одновременно относиться к нескольким категориям, устанавливаются в блоке <span style=\"text-decoration: underline;\"><em>Дополнительные категории</em></span></span></p>\r\n<p><span>Адрес страницы товара при этом всегда один.</span></p>\r\n<h2><span>Дополнительные опции</span></h2>\r\n<div class=\"form-group\"><label class=\"control-label\" for=\"Product_search_name\">Блок <em>\"Названия для поиска\" </em>предназначен для</label>&nbsp;дополнительных фраз, по которым пользователи могут искать этот товар.</div>\r\n<div class=\"form-group\"></div>\r\n<div class=\"form-group\">Галочками можно указать:</div>\r\n<ol>\r\n<li class=\"form-group\">Товар снят с производства (товар будет выводиться без цены и возможности заказа)</li>\r\n<li class=\"form-group\">\r\n<div class=\"row\">\r\n<div class=\"col-sm-6\">\r\n<div class=\"form-group\">\r\n<div class=\"checkbox\"><label>Выводить товар в конце списка</label></div>\r\n</div>\r\n</div>\r\n</div>\r\n</li>\r\n</ol>', '', 1, 33, ''),
(22, NULL, NULL, '2019-09-23 09:37:13', '2019-10-29 15:52:15', 1, 'Каталог', '', 'shopping-cart', '', '', 1, 30, 'store'),
(23, NULL, NULL, '2019-09-23 09:37:27', '2019-10-29 15:52:15', 1, 'Магазин', '', 'shopping-cart', '', '', 1, 19, 'store'),
(24, NULL, 22, '2019-09-23 10:30:07', '2019-11-05 15:56:59', 1, 'Категории', '', 'folder-open', '<h2>Список и элементы управления</h2>\r\n<blockquote>\r\n<p>Общее описание списка и элементов управления представлено&nbsp;<a href=\"/backend/help/help/?page=8\">здесь</a></p>\r\n<p><span>Общее описание формы создания и редактирования представлено <a href=\"/backend/help/help/?page=9\">здесь</a></span></p>\r\n</blockquote>\r\n<h2>Параметры категорий</h2>\r\n<h4>Не показывать блок фильтров в этой категории</h4>\r\n<p>Если опция выбрана, то на сайте, на странице категории, блок фильтров выведен не будет.</p>\r\n<h4>Тип товаров</h4>\r\n<p>Указывет тип товаров для всех вложенных товарных позиций. Подробнее о типах товаров представлено <a href=\"/backend/help/help/?page=30\">здесь</a>.</p>', '', 1, 31, ''),
(25, NULL, 32, '2019-09-23 10:31:43', '2019-11-06 15:39:47', 1, 'Заказы', '', 'shopping-basket', '<p>Модуль управления заказами</p>\r\n<h2>Список и элементы управления</h2>\r\n<blockquote>\r\n<p>Общее описание списка и элементов управления представлено&nbsp;<a href=\"/backend/help/help/?page=8\">здесь</a></p>\r\n<p><span>Общее описание формы создания и редактирования представлено <a href=\"/backend/help/help/?page=9\">здесь</a></span></p>\r\n</blockquote>\r\n<h2><span>Нумерация заказа</span></h2>\r\n<p><span>В заказах используется нумерация следующего вида <span style=\"text-decoration: underline;\"><em>YYMM-X</em></span>, где <span style=\"text-decoration: underline;\"><em>YY</em></span> - год, <span style=\"text-decoration: underline;\"><em>ММ</em> </span>- месяц, <span style=\"text-decoration: underline;\"><em>X</em></span> - порядковый&nbsp;номер заказа. Например, первый&nbsp;заказ на сайте, сделанный 10го декабря 2019 года будет иметь номер 1912-1. А 544-й заказ, сделанный 5го мая 2020 года, будет иметь номер - 2005-544</span></p>\r\n<h2><span>Описание полей и опций</span></h2>\r\n<h4>Клиент</h4>\r\n<p>Клиента можно выбрать только из зарегистрированных пользователей.</p>\r\n<h4>Менеджер</h4>\r\n<p>Менеджер можно выбрать&nbsp; только из зарегистрированных пользователей, с доступом \"администратор\" и \"редактор\".</p>\r\n<h4>Редактирование состава заказа</h4>\r\n<p><span style=\"background-color: #ffffff;\">На странице редактирования заказа есть возможность добавлять или удалять товар из списка, назначать индивидуальную цену.<br />Итоговая&nbsp;</span><span style=\"background-color: #ffffff;\">стоимость заказа пересчитается автоматически при сохранении заказа.</span></p>\r\n<p><img src=\"/help/images/order-edit.png\" makepreview=\"false\" caption=\"false\" /></p>\r\n<h4>Статус заказа</h4>\r\n<p><span>Кроме предустановленных статусов заказа можно создать индивидуальные, подробнее о статусах представлено&nbsp;<a href=\"/backend/help/help/?page=33\">здесь</a></span></p>\r\n<h4>Оплата</h4>\r\n<p>В блоке оплаты определяется способ оплаты и статус оплаты (оплачен/не оплачен). Подробнее об оплате&nbsp;<span>представлено <a href=\"/backend/help/help/?page=26\">здесь</a>.</span></p>\r\n<h4><span>Оповестить покупателя о состоянии заказа</span></h4>\r\n<p>Если опция выбрана, то при сохранении заказа клиенту придет уведомление об изменении заказа.</p>\r\n<blockquote>\r\n<p>Если изменен статус на \"Оплачен\", \"Передан в службу доставки\", \"Передан в службу самовывоза\" и \"Отменен\" - пользователю придет краткое письмо об изменении статуса заказа.&nbsp;</p>\r\n</blockquote>\r\n<p></p>\r\n<blockquote>\r\n<p>Если выбран статус \"Передан в службу доставки\" или \"Передан в службу самовывоза\" пользователю придет информация о трек-номере для отслеживания и ожидаемая дата доставки (если соответствующие&nbsp;поля заполнены).</p>\r\n<p>Если в выбранном&nbsp;способе доставки заполнено&nbsp;поле&nbsp;<em><span style=\"text-decoration: underline;\">Ссылка для отслеживания отправления</span></em> (подробнее <a href=\"/backend/help/help/?page=28\">здесь</a>) и указан номер отправления, то пользователю в письме придет трек номер и активная ссылка для перехода на сайт ТК/Почты для отслеживания&nbsp;отправления.</p>\r\n</blockquote>\r\n<p>В случае указания других статусов или при редактировании состава заказа, пользователю придет письмо с новым статусом и составом заказа</p>\r\n<h4>Напоминание об оплате</h4>\r\n<p>Если установлен статус&nbsp;\"Ожидает оплаты\", то появляется дополнительная кнопка \"Напомнить об ожидании оплаты\", при нажатии на которую клиенту придет письмо с напоминанием&nbsp;о необходимости оплаты.</p>\r\n<h4><span style=\"background-color: #ffffff;\">Печать заказа&nbsp;</span></h4>\r\n<p><span style=\"background-color: #ffff00;\"></span>Откроет окно предварительного просмотра и параметров печати. Реквизиты организации для формы печати&nbsp;<span style=\"background-color: #ffffff;\">заполняются в настройках магазина.</span></p>', '', 1, 38, 'order'),
(26, NULL, 23, '2019-09-23 10:31:53', '2019-10-29 15:52:15', 1, 'Оплата', '', '', '', '', 0, 23, ''),
(27, NULL, 22, '2019-09-23 10:49:58', '2019-10-29 15:52:15', 1, 'Производители', '', 'plane', '<p><span>Модуль используется для вывода всех производителей (брендов) на сайте, с возможностью перейти на страницу выбранного производителя&nbsp;и отобразить товары, принадлежащие&nbsp;только этому производителю.&nbsp;</span>Опция вывода доступна не на всех тарифах.</p>\r\n<blockquote>\r\n<p>Общее описание списка и элементов управления представлено&nbsp;<a href=\"/backend/help/help/?page=8\">здесь</a></p>\r\n<p><span>Общее описание формы создания и редактирования представлено <a href=\"/backend/help/help/?page=9\">здесь</a></span></p>\r\n</blockquote>\r\n<p></p>\r\n<p>Число в столбце \"товары\" показывает количество&nbsp;товаров данного производителя, при клике на число произойдет переход к товарам, отфильтрованным только по выбранному производителю</p>', '', 1, 34, ''),
(28, NULL, 23, '2019-09-23 12:33:04', '2019-11-05 15:36:26', 1, 'Доставка', '', 'car', '<p>Модуль служит для управления способами доставки.</p>\r\n<h2>Список и элементы управления</h2>\r\n<blockquote>\r\n<p>Общее описание списка и элементов управления представлено&nbsp;<a href=\"/backend/help/help/?page=8\">здесь</a></p>\r\n<p><span>Общее описание формы создания и редактирования представлено <a href=\"/backend/help/help/?page=9\">здесь</a></span></p>\r\n</blockquote>\r\n<h2>Параметры доставки</h2>\r\n<h4>Стоимость</h4>\r\n<p>Определяет стоимость доставки</p>\r\n<h4>Доступна от</h4>\r\n<p>Опция определяет, от какой суммы заказа можно будет выбрать данный способ доставки.</p>\r\n<h4>Бесплатна от</h4>\r\n<p>Опция определяет, от какой суммы заказа данный способ доставки будет бесплатным.</p>\r\n<h4>Текст при бесплатной доставке</h4>\r\n<p>Опция определяет, как будет отображаться цена при бесплатной доставке, по умолчанию -&nbsp;<span style=\"text-decoration: underline;\"><em>Бесплатно</em></span></p>\r\n<h4>Оплачивается отдельно</h4>\r\n<p>Если опция выбрана, то стоимость доставки не будет включена в сумму заказа.</p>\r\n<h4>Необходимо указать адрес доставки</h4>\r\n<p>Если опция выбрана, то при оформлении заказа и выборе данного способа доставки необходимо будет заполнить адрес доставки.</p>\r\n<h4>Ссылка для отслеживания отправления</h4>\r\n<p>В поле отслеживания необходимо указать ссылку на страницу отслеживания отправления, например, для Почты России ссылка будет: <a href=\"https://www.pochta.ru/tracking#\">https://www.pochta.ru/tracking#</a>. Если ссылка на сервис отслеживания заполнена и заполнен номер для отлеживания в заказе, то клиенту в письме будет указана ссылка на отслеживание отправления. При переходе по ссылке клиент сразу попадет на страницу отслеживая отправления указанного&nbsp;в заказе.</p>', '', 1, 22, ''),
(29, NULL, 22, '2019-09-24 04:58:22', '2019-10-29 15:52:15', 1, 'Атрибуты', '', 'pencil-square-o', '<p>Модуль служит для управления справочником атрибутов товаров. Сами же характеристики назначаются непосредственно у товара в вкладке <em><span style=\"text-decoration: underline;\">Атрибуты</span></em>, подробнее.</p>\r\n<blockquote>\r\n<p>Общее описание списка и элементов управления представлено&nbsp;<a href=\"/backend/help/help/?page=8\">здесь</a></p>\r\n<p><span>Общее описание формы создания и редактирования представлено <a href=\"/backend/help/help/?page=9\">здесь</a></span><span></span></p>\r\n</blockquote>\r\n<h2><span>Группы атрибутов</span></h2>\r\n<p>Служит для возможности сгруппировать атрибуты по какому-либо фактору, например, атрибуты: <span style=\"text-decoration: underline;\"><em>Размер, Вес, Объем</em></span> можно объединить в группу <em><span style=\"text-decoration: underline;\">Габариты</span></em></p>\r\n<h2><span>Атрибуты</span></h2>\r\n<h4><span>Тип</span></h4>\r\n<p>Опция устанавливает вариант заполнения атрибута у товара.&nbsp;<span>Возможные варианты:</span></p>\r\n<ul>\r\n<li><span>Выпадающий список - для выбора одной характеристики из набора</span></li>\r\n<li><span>Список чекбоксов (галочек) - для выбора нескольких характеристики для одного атрибута</span><span></span></li>\r\n</ul>\r\n<h4><span>Группа</span><span></span></h4>\r\n<p><span>Принадлежность к группе атрибутов. Назначение группы атрибутов описано выше в блоке <span style=\"text-decoration: underline;\"><em>Группы атрибутов</em></span>.</span></p>\r\n<h4><span>Использовать в типах товаров</span></h4>\r\n<p><span>В этом блоке перечислены&nbsp;все типы товаров, имеющиеся на сайте. Галочками можно выбрать в каком типе товаров необходимо использовать данный атрибут.</span></p>\r\n<h4><span>Описание</span></h4>\r\n<p><span>Описание атрибута</span></p>\r\n<h4><span>Единица измерения</span></h4>\r\n<p><span>Единица измерения будет добавлена после значения самой характеристики, например: у товара атрибут <span style=\"text-decoration: underline;\"><em>Вес</em></span> имеет значение&nbsp;<span style=\"text-decoration: underline;\"><em>100</em></span>, и единица измерения заполнена как&nbsp;<span style=\"text-decoration: underline;\"><em>кг</em></span>. Тогда на сайте атрибут будет иметь следующий вид: <span style=\"text-decoration: underline;\"><em>Вес: 100 кг</em></span>.</span></p>\r\n<h4><span>Основная характеристика товара</span></h4>\r\n<p><span>Если опция выбрана, то в корзине, составе заказа в письме и в панели администратора рядом с товаром будет выведено значение характеристики</span></p>\r\n<h4><span>Добавлять к имени товара</span></h4>\r\n<p><span>Если опция выбрана, то к названию товара будет добавлено значение характеристики. Например, если товар называется <em><span style=\"text-decoration: underline;\">\"Блок\"</span></em> и у него заполнен атрибут <span style=\"text-decoration: underline;\"><em>Вес</em></span> с характеристикой <em><span style=\"text-decoration: underline;\">100 кг</span></em>, то на сайте товар будет называться <em><span style=\"text-decoration: underline;\">\"Блок 100 кг\"</span></em>.</span></p>\r\n<h4><span>Обязательный</span></h4>\r\n<p><span>Если опция установлена - то заполнение атрибута будет обязательным условием&nbsp;при добавлении и редактировании товара</span></p>\r\n<h4><span>Фильтр</span></h4>\r\n<p><span>Если опция установлена - то по этому атрибуту можно будет отсортировать&nbsp;товары на сайте. <br /><strong>Внимание!</strong> На некоторых тарифах опция не предусмотрена!</span></p>\r\n<h4><span>Скрывать на сайте</span></h4>\r\n<p><span>Не выводить атрибут на сайте, если выбрана опция <span style=\"text-decoration: underline;\"><em>Фильтр</em></span>, то в фильтре&nbsp;этот атрибут все равно будет присутствовать.</span></p>\r\n<h4><span>Использовать для поиска похожих товаров</span></h4>\r\n<p><span>Если в настройках магазина,&nbsp;в разделе похожих товаров, выбрана опция&nbsp;<span style=\"text-decoration: underline;\"><em>Дополнять указанные товарами из этой же категории</em></span>, то при автоматическом дополнении товаров в блок <span style=\"text-decoration: underline;\"><em>Похожие</em></span>, в приоритете будут те товары, которые имеют такой же параметр данного атрибута.</span></p>\r\n<h4><span>Список характеристик</span></h4>\r\n<p><span>Список параметров данного атрибута, например, для атрибута Вес, это может быть: <span style=\"text-decoration: underline;\"><em>100 кг., 150 кг., и т.д.</em></span></span></p>\r\n<p><span>При создании нового атрибута каждая характеристика пишется с новой строки. При редактировании атрибута, интерфейс характеристик отличается и позволяет сортировать и выборочно удалять элементы.</span></p>\r\n<h2><span>Дополнительные опции для выгрузки в Яндекс.Маркет</span></h2>\r\n<h4><span>Атрибут в выгрузке YML</span></h4>\r\n<p>Выгрузить отдельным атрибутом в структуре YML. Подробнее: <a href=\"https://yandex.ru/support/partnermarket/elements/vendor-name-model.html\">https://yandex.ru/support/partnermarket/elements/vendor-name-model.html</a></p>\r\n<h4>Добавлять к названию в выгрузке YML</h4>\r\n<p>Добавить значение атрибута к названию товара, например: Товар \"<em><span style=\"text-decoration: underline;\">Блок</span></em>\" с характеристикой <em><span style=\"text-decoration: underline;\">вес 100 кг</span></em>, в YML выгрузке будет иметь название \"<span style=\"text-decoration: underline;\"><em>Блок 100 кг</em></span>\"</p>\r\n<h4>Только если есть вариант с этим атрибутом</h4>\r\n<p>Добавить значение атрибута к названию только если существует&nbsp;несколько вариантов одного товара с этим атрибутом.</p>\r\n<p>Дополнительная настройка к предыдущей&nbsp;опции. Значение к названию товара будет добавлено, только есть несколько вариантов этого товара (варианты товара заполняются в форме редактирования товара, на одноименной вкладке \"<em><span style=\"text-decoration: underline;\">Варианты</span></em>\").</p>\r\n<p><span style=\"text-decoration: underline;\"><em>Например</em></span>, есть товары с названием \"<em><span style=\"text-decoration: underline;\">Блок</span></em>\" и \"<em><span style=\"text-decoration: underline;\">Балка</span></em>\", у товара \"<span style=\"text-decoration: underline;\"><em>Блок</em></span>\" характеристика \"<span style=\"text-decoration: underline;\"><em>Вес</em></span>\"имеет значение <span style=\"text-decoration: underline;\"><em>100 кг</em></span>, а так же есть еще один вариант товара, с этим же атрибутом, но значением характеристики <span style=\"text-decoration: underline;\"><em>150 кг</em></span>. А товара \"<em><span style=\"text-decoration: underline;\">Балка</span></em>\" характеристика \"<span style=\"text-decoration: underline;\"><em>Вес</em></span>\" имеет значение <em><span style=\"text-decoration: underline;\">120 кг</span></em>, и других вариантов этого товара нет. Тогда в YML выгрузке названия товаров будут иметь следующий вид:</p>\r\n<ul>\r\n<li>Блок 100 кг</li>\r\n<li>Блок 150 кг</li>\r\n<li>Балка</li>\r\n</ul>\r\n<h4>Группировать по этому атрибуту</h4>\r\n<p>Создает в выгрузке несколько товаров в одной группе, если существует&nbsp;несколько вариантов одного товара с этим атрибутом. Подробнее:&nbsp;<a href=\"https://yandex.ru/support/partnermarket/export/vendor-model.html\">https://yandex.ru/support/partnermarket/export/vendor-model.html</a></p>\r\n<h4>Разделять на значение и единицу измерения</h4>\r\n<p>Используется в ситуациях, когда характеристики атрибута уже имеют вид \"<em><span style=\"text-decoration: underline;\">значение/единица измерения</span></em>\", например: \"<em><span style=\"text-decoration: underline;\">100 кг.</span></em>\" и менять их нецелесообразно (например, характеристики импортируются из внешней системы), то эта опция разделит характеристику по пробелу на значение и единицу измерения (единица измерения - последнее \"слово\" в строке) и добавит в тег <span style=\"text-decoration: underline;\"><em>param</em> </span>в YML выгрузку.</p>\r\n<p>Например, значение атрибут \"<span style=\"text-decoration: underline;\"><em>Вес</em></span>\" с значением характеристики \"<span style=\"text-decoration: underline;\"><em>100 кг</em></span>\", будет преобразовано и добавлено в выгрузку как:&nbsp;<br /><em><span style=\"text-decoration: underline;\">&lt;param name=\"Вес\" unit=\"кг\"&gt;100&lt;/param&gt;</span></em>&nbsp;</p>\r\n<p>Подробнее:&nbsp;<a href=\"https://yandex.ru/support/partnermarket/elements/param.html\">https://yandex.ru/support/partnermarket/elements/param.html</a></p>', '', 1, 36, ''),
(30, NULL, 22, '2019-09-24 04:58:38', '2019-11-05 15:56:41', 1, 'Типы товаров', '', 'list-alt', '<p>Типы товаров - способ сгруппировать товары и настроить индивидуальные&nbsp;характеристики для каждой группы товаров.</p>\r\n<blockquote>\r\n<p>Общее описание списка и элементов управления представлено&nbsp;<a href=\"/backend/help/help/?page=8\">здесь</a></p>\r\n<p><span>Общее описание формы создания и редактирования представлено <a href=\"/backend/help/help/?page=9\">здесь</a></span></p>\r\n</blockquote>\r\n<p>Для того, чтобы получить возможность заполнять произвольные характеристики товарным позициям, сначала необходимо завести атрибуты и заполнить их характеристики. Затем необходимо прикрепить атрибуты к одному или нескольким типам товаров и уже после этого назначать товарным позициям тип товара.</p>\r\n<p>Тип товара указывается либо у категории (при этом распространяется на все товары, которые входят в эту категорию), либо непосредственно у самого товара во вкладе <span><span style=\"text-decoration: underline;\"><em>Атрибуты</em></span>. После этого появится возможность заполнить атрибуты, которые были указаны в типе товара.</span></p>', '', 1, 37, ''),
(31, NULL, 22, '2019-09-30 04:41:21', '2019-10-29 15:52:15', 1, 'Товары', '', 'reorder', '', '', 1, 32, ''),
(32, NULL, 23, '2019-10-01 05:22:21', '2019-10-29 15:52:15', 1, 'Заказы', '', 'shopping-basket', '', '', 1, 21, 'order'),
(33, NULL, 32, '2019-10-01 05:23:17', '2019-10-29 15:52:15', 1, 'Статусы', '', 'list-alt', '<p><span style=\"background-color: #ffffff;\">Модуль управления статусами заказов.&nbsp;</span><span></span></p>\r\n<h2>Список и элементы управления</h2>\r\n<blockquote>\r\n<p>Общее описание списка и элементов управления представлено&nbsp;<a href=\"/backend/help/help/?page=8\">здесь</a></p>\r\n<p><span>Общее описание формы создания и редактирования представлено <a href=\"/backend/help/help/?page=9\">здесь</a></span></p>\r\n</blockquote>\r\n<p><span style=\"background-color: #ffffff;\">Изменить или удалить предустановленные статусы нельзя.</span></p>\r\n<p><span style=\"background-color: #ffffff;\">Цвет статуса используется&nbsp;только в панели администратора и не используется на сайте и в клиентских письмах.</span></p>\r\n<p></p>', '', 1, 41, ''),
(34, NULL, 32, '2019-10-01 05:26:08', '2019-10-29 15:52:15', 1, 'Клиенты', '', 'users', '<p>На странице&nbsp;клиентов отображаются все пользователи, которые оставили&nbsp;хотя бы один заказ.</p>\r\n<h2>Типы клиентов</h2>\r\n<h4>Не зарегистрированные пользователи</h4>\r\n<p>Для таких пользователей в блоке с информацией выводятся данные из последнего заказа, а список заказов формируется по телефонному номеру (т.е. будут выведены все заказы, в которых указан такой-же номер).</p>\r\n<p>У незарегистрированных пользователей не подсчитывается оборот заказов.</p>\r\n<h4>Зарегистрированные пользователи</h4>\r\n<p>В карточке зарегистрированного клиента общая сумма всех заказов, а так же есть возможность оставить комментарий по клиенту (виден только администраторам)</p>\r\n<p></p>\r\n<p>Обоим типам клиентов возможно&nbsp;задать параметр \"Лояльность\" (виден только администраторам)</p>', '', 1, 39, '');
INSERT INTO `hm_help` (`id`, `category_id`, `parent_id`, `create_time`, `update_time`, `user_id`, `title`, `title_short`, `icon`, `body`, `layout`, `status`, `order`, `show_isset_module`) VALUES
(35, NULL, 32, '2019-10-01 05:26:53', '2019-10-29 15:52:15', 1, 'Источники заказов', '', 'puzzle-piece', '<h2>Список и элементы управления</h2>\r\n<blockquote>\r\n<p>Общее описание списка и элементов управления представлено&nbsp;<a href=\"/backend/help/help/?page=8\">здесь</a></p>\r\n<p><span>Общее описание формы создания и редактирования представлено <a href=\"/backend/help/help/?page=9\">здесь</a></span></p>\r\n</blockquote>\r\n<p><span>Используются для группировки заказов по источникам.</span></p>', '', 1, 42, ''),
(36, NULL, 32, '2019-10-01 05:27:51', '2019-10-29 16:21:58', 1, 'Настройка модуля', '', 'cog', '<h2>Настройки модуля заказов</h2>\r\n<h4>Статус заказа по умолчанию</h4>\r\n<p>Укажите статус, который должен быть назначен заказу при его оформлении на сайте</p>\r\n<h4>Отображать публичную страницу заказа</h4>\r\n<p>Если опция включена, пользователь может перейти по специальной ссылки и посмотреть состав&nbsp;и сумму заказа. Личные данные и адрес доставки при этом будут скрыты.</p>\r\n<h4>Сообщение в корзине над списком товаров</h4>\r\n<p>Устанавливает сообщения над списком товаров в корзине. Если корзина пустая, то сообщение будет выведено после уведомления о том, что корзина пуста.</p>\r\n<h4>Сообщение после оформление заказа</h4>\r\n<p>Устанавливает сообщение после оформления заказа. Значение по умолчанию: <span style=\"text-decoration: underline;\"><em>\"Мы свяжемся с Вами в ближайшее время!\"</em></span></p>\r\n<h2>Оповещения</h2>\r\n<h4>Email, от имени которого отправлять оповещения</h4>\r\n<p>Укажите email, с которого необходимо отправлять информацию о заказе администратору и пользователю. Если поле не заполнено, то будет использован email, который указан в настройках сайта.</p>\r\n<h4>Получатели оповещений (через запятую)</h4>\r\n<p>Укажите email (или список адресов через запятую), на который администратору будет отправлено сообщение о новом заказе. Если поле не заполнено, то будет использован email, который указан в настройках сайта в качестве <span style=\"text-decoration: underline;\"><em>\"Email для уведомлений\"</em></span>.</p>', '', 1, 43, ''),
(37, NULL, 23, '2019-10-01 05:34:57', '2019-10-29 15:52:15', 1, 'Настройки модуля', '', 'cog', '', '', 1, 24, ''),
(38, NULL, 22, '2019-10-02 07:49:22', '2019-10-29 15:52:15', 1, 'Поставщики', '', 'truck', '<h2>Список и элементы управления</h2>\r\n<blockquote>\r\n<p>Общее описание списка и элементов управления представлено&nbsp;<a href=\"/backend/help/help/?page=8\">здесь</a></p>\r\n<p><span>Общее описание формы создания и редактирования представлено <a href=\"/backend/help/help/?page=9\">здесь</a></span></p>\r\n</blockquote>\r\n<h2><span></span><span>Поставщики</span></h2>\r\n<p><span>Используется только в панели администратора.</span></p>\r\n<p><span>Служит для:</span></p>\r\n<ul>\r\n<li><span>упорядочивания товаров по поставщику</span></li>\r\n<li><span>возможности создания шаблона импорта товаров по конкретному поставщику</span><span></span></li>\r\n</ul>', '', 1, 35, ''),
(39, NULL, 31, '2019-10-10 06:56:17', '2019-11-06 15:45:24', 1, 'Атрибуты', '', '', '<p><span>Интерфейс заполнения атрибутов доступен только после выбора типа товара.</span></p>\r\n<p>Тип вывода характеристик атрибутов определяется опцией <span style=\"text-decoration: underline;\"><em>Тип</em></span> на странице редактирования атрибутов.</p>\r\n<p><span>Более подробно о типах товаров представлено&nbsp;<a href=\"/backend/help/help/?page=30\">здесь</a></span></p>\r\n<p><span>Более подробно об атрибутах представлено&nbsp;<a href=\"/backend/help/help/?page=29\">здесь</a></span></p>\r\n<p></p>\r\n<p></p>', '', 1, 44, ''),
(41, NULL, 31, '2019-10-10 06:56:54', '2019-11-09 16:39:24', 1, 'Изображения', '', '', '<p>Загрузка дополнительных изображений к товару доступна только если товар уже создан, то есть только при редактировании товара.</p>\r\n<p>Добавление изображении доступно либо по одному изображению - кнопка \"<em><span style=\"text-decoration: underline;\">Добавить изображения</span></em>\", либо сразу несколько изображений - кнопка \"<em><span style=\"text-decoration: underline;\">Массовая загрузка</span></em>\".</p>\r\n<p></p>\r\n<p></p>', '', 1, 45, ''),
(42, NULL, 31, '2019-10-10 06:57:03', '2019-11-06 15:47:41', 1, 'Связанные товары', '', '', '<p>В разделе <span style=\"text-decoration: underline;\"><em>\"Связанные товары\"</em></span>&nbsp;определяется, какие товары будут выводится в блоке \"Похожие товары\" на сайте, если такой блок предусмотрен шаблоном.</p>', '', 1, 46, ''),
(43, NULL, 37, '2019-10-17 12:41:30', '2019-11-09 16:25:21', 1, 'Общие настройки', '', 'cog', '<h2>Общие настройки</h2>\r\n<h4>Название</h4>\r\n<p>Заголовок (H1) общей страницы магазина</p>\r\n<h4>Округлять цены</h4>\r\n<p>Опция определяет, округлять цены у товаров на сайте или нет. На цены в панели администратора эта опция не распространяется.</p>\r\n<p>Возможные варианты:</p>\r\n<ul>\r\n<li>Не округлять цены</li>\r\n<li>Округлять до целых</li>\r\n<li>Округлять до 5 рублей у товаров дешевле 1000, и до 10 рублей у товаров дороже 1000</li>\r\n</ul>\r\n<h4>Минимальная сумма заказа</h4>\r\n<p>Если указано минимальная стоимость заказа, то пользователь не сможет оформить заказ из корзины, пока не наберет минимальную сумму. При этом пользователю будет выведено соответствующее&nbsp;сообщение, вместо формы заказа.&nbsp;</p>\r\n<p>Опция \"Купить в 1 клик\" будет не доступна у товаров, цена которых меньше чем минимальная сумма заказа.</p>\r\n<h4>Выводить товары из вложенных категорий</h4>\r\n<p>Если опция установлена, то при просмотре категории магазина в ней так же будут выведены товары из всех вложенных категорий данной категории</p>\r\n<h4>Товаров на странице</h4>\r\n<p>Количество товаров на странице категорий магазина на сайте</p>\r\n<h4>Сортировка по умолчанию</h4>\r\n<p>Определяет по какому параметру сортировать позиции при выводе на сайте</p>\r\n<h4>Направление сортировки</h4>\r\n<p>Определяет направление сортировки позиций при выводе на сайте</p>\r\n<h2>Настройки похожих товаров</h2>\r\n<h4>Выводить похожие товары</h4>\r\n<p>Доступны следующие варианты вывода:</p>\r\n<ul>\r\n<li>Не выводить</li>\r\n<li>Выводить указанные - выводит только те товары, которые указаны в качестве \"похожих\". Похожие товары назначаются&nbsp;на странице редактирования товаров во вкладке \"Связанные товары\". Подробнее о связанных товарах&nbsp;<span><a href=\"/backend/help/help/?page=42\">здесь</a></span></li>\r\n<li>Дополнять указанные товарами из этой же категории<br />Если назначено меньше товаров, чем указано количество для вывода, то товары будут дополнены товарами из этой же категории. Если у товаров используются атрибуты, в свойствах которых включена опция <span style=\"text-decoration: underline;\"><em>\"Использовать для поиска похожих товаров\"</em></span> (<span><a href=\"/backend/help/help/?page=29\">подробнее об атрибутах</a></span>), то товары будут подбираться с учетом параметров этого атрибута. Другими словами, будут выбраны сначала товары имеющие такую же характеристику, как у исходного.</li>\r\n</ul>\r\n<h4>Заголовок похожих товаров</h4>\r\n<p>Определяет заголовок блока с похожими товарами на сайте</p>\r\n<h4>Количество похожих товаров</h4>\r\n<p>Выводить заданное количество похожих товаров на сайте</p>\r\n<h2>Настройки реквизитов для печати заказа</h2>\r\n<p>Название юр. лица или магазина и реквизиты используются&nbsp;при печати информации о заказе</p>\r\n<p><img src=\"/help/images/order-print.png\" alt=\"\" width=\"784\" height=\"566\" makepreview=\"false\" /></p>', '', 1, 25, ''),
(44, NULL, 37, '2019-10-17 12:42:23', '2019-11-06 15:55:52', 1, 'Настройки SEO', '', 'cog', '<h2>Настройки SEO шаблонов</h2>\r\n<p>Блок для указания META-тегов и заголовка страницы, а так же для указания текста на основной странице магазина.</p>\r\n<h4>Настройки SEO шаблона страниц категорий и&nbsp;товаров</h4>\r\n<p>С помощью этих полей и конструкций для автоподстановки можно сформировать шаблон мета-тегов для всего магазина. Доступные конструкции для автоподстановки указаны в подсказках к каждому блоку.</p>\r\n<p>Например:</p>\r\n<p>Товар <em><span style=\"text-decoration: underline;\">\"Блок ЖБИ\"</span></em> находится в категории \"Блоки\". Для Title заголовка страницы товара задан следующий шаблон: <span style=\"text-decoration: underline;\"><em>\"Купить {name} и другие {category} в Москве с доставкой\"</em></span>.</p>\r\n<p>Тогда Title заголовок карточки&nbsp;товара на сайте будет иметь вид: <em><span style=\"text-decoration: underline;\">\"Купить Блок ЖБИ и другие Блоки в Москве с доставкой\"</span></em>.&nbsp;</p>\r\n<p>Если у категории, товара или бренда указано свое индивидуальное&nbsp;значение заголовка (или другого мета-тега) то будет именно оно.</p>\r\n<p>Аналогично и для других заголовков и мета-тегов.</p>\r\n<h2>SEO страницы товаров</h2>\r\n<p>Помимо настроек шаблона, можно отключить индексацию блока описания товара опцией <strong>\"</strong><span><strong>Не индексировать описание позиции\"</strong>. При включенной опции текст описания товара будет расположен между тегов <em>&lt;noindex&gt;</em>. При этом на странице редактирования товара можно отключить эту опцию для конкретного товара.</span></p>\r\n<h2>SEO новинок, спецпредложений и брендов</h2>\r\n<p>Аналогично настройкам SEO магазина можно задать настройки для страницы новинок, спецпредложений и брендов.</p>\r\n<p>Отличительной особенностью является то, что для этих типов страниц можно указать произвольный URL.</p>\r\n<p>По умолчанию&nbsp;используются следующие URL страниц:</p>\r\n<ul>\r\n<li>Новинки - <span style=\"text-decoration: underline;\"><em>/new-product/</em></span></li>\r\n<li>Спецпредложения - <span style=\"text-decoration: underline;\"><em>/sales-product/</em></span></li>\r\n<li>Бренды -&nbsp;<em></em><span style=\"text-decoration: underline;\"><em>/brands/</em></span></li>\r\n</ul>\r\n<p>Для страницы новинок и спецпредложений можно установить какие товары будут выведены на странице. При этом, если у новинок выбрана опция <span style=\"text-decoration: underline;\"><em>\"Отмеченные как \"Новинка\" и последние добавленные товары\"</em></span> - кроме новинок еще будет выведены все последние добавленные товары отсортированные по дате добавления (последний&nbsp;добавленный вначале). В этом режиме на странице не может выводится&nbsp;больше товаров, чем установлено опцией \"Товаров на странице\" в настройках магазина</p>', '', 1, 26, ''),
(47, NULL, 37, '2019-10-17 12:43:24', '2019-10-29 16:08:59', 1, 'Дополнительные вкладки в товарах', '', 'cog', '<p>Опция доступна, если макет сайта поддерживает вывод вкладок в карточке товара. В настройках магазина устанавливается общий набор вкладок и порядок следования. Содержимое вкладки (кроме типа \"Предустановленный текст\") заполняется в самой карточке товара на соответствующей&nbsp;вкладке.</p>\r\n<p>У каждой вкладки можно указать заголовк и содержимое.</p>\r\n<p>Доступные типы содержимого:</p>\r\n<ul>\r\n<li>Индивидуальный текст - дает возможность для каждой позиции задать индивидуальное содержимое;</li>\r\n<li>Предустановленный текст - установленный текст будет отображаться&nbsp;у всех позиций магазина;</li>\r\n<li>Описание товара - будет выведено основное описание товара;</li>\r\n<li>Характеристики - будут выведены характеристики&nbsp;товара;</li>\r\n<li>Комментарии - будет выведены комментарии и форма добавления нового комментария.</li>\r\n</ul>\r\n<p>Если для информация для вывода отсутствует, то вклада на сайте будет скрыта.</p>', '', 1, 29, ''),
(48, NULL, 31, '2019-10-23 09:51:03', '2019-11-07 15:45:39', 1, 'SEO', '', '', '<p>Общие мета-тегов для СЕО-оптимизации описаны&nbsp;<a href=\"/backend/help/help/?page=8\">здесь</a><span>.</span></p>\r\n<h2>Дополнительные параметры</h2>\r\n<h4><span>Не добавлять \"noindex\" к описанию товара</span></h4>\r\n<p><span>Отменяет действие опции \"Не индексировать описание позиции\" в настройках магазина для одного конкретного товара, то есть выводит описание без тега &lt;</span><em>noindex&gt;</em></p>', '', 1, 47, ''),
(49, NULL, 31, '2019-10-23 09:51:19', '2019-11-05 16:00:47', 1, 'Дополнительные вкладки', '', '', '<p><span>Подробная информация о дополнительных вкладках находится&nbsp;<a href=\"/backend/help/help/?page=47\">здесь</a></span></p>', '', 1, 48, '');

-- --------------------------------------------------------

--
-- Структура таблицы `hm_mail_template`
--

CREATE TABLE `hm_mail_template` (
  `id` int(11) NOT NULL,
  `code` varchar(150) NOT NULL,
  `name` varchar(150) NOT NULL,
  `module` varchar(150) NOT NULL,
  `description` text,
  `theme` text NOT NULL,
  `body` text NOT NULL,
  `update_at` datetime DEFAULT NULL,
  `icon` varchar(255) DEFAULT NULL
) ENGINE=InnoDB DEFAULT CHARSET=utf8;

-- --------------------------------------------------------

--
-- Структура таблицы `hm_menu_menu`
--

CREATE TABLE `hm_menu_menu` (
  `id` int(11) NOT NULL,
  `name` varchar(255) NOT NULL,
  `code` varchar(255) NOT NULL,
  `description` varchar(255) NOT NULL,
  `status` int(11) NOT NULL DEFAULT '1'
) ENGINE=InnoDB DEFAULT CHARSET=utf8;

--
-- Дамп данных таблицы `hm_menu_menu`
--

INSERT INTO `hm_menu_menu` (`id`, `name`, `code`, `description`, `status`) VALUES
(1, 'Верхнее меню', 'top-menu', 'Основное меню сайта, расположенное сверху в блоке mainmenu.', 1),
(2, 'Меню в подвале', 'bottom-menu', '', 1);

-- --------------------------------------------------------

--
-- Структура таблицы `hm_menu_menu_item`
--

CREATE TABLE `hm_menu_menu_item` (
  `id` int(11) NOT NULL,
  `parent_id` int(11) NOT NULL,
  `menu_id` int(11) NOT NULL,
  `regular_link` tinyint(1) NOT NULL DEFAULT '0',
  `title` varchar(150) NOT NULL,
  `href` varchar(150) NOT NULL,
  `class` varchar(150) DEFAULT NULL,
  `title_attr` varchar(150) DEFAULT NULL,
  `before_link` varchar(150) DEFAULT NULL,
  `after_link` varchar(150) DEFAULT NULL,
  `target` varchar(150) DEFAULT NULL,
  `rel` varchar(150) DEFAULT NULL,
  `condition_name` varchar(150) DEFAULT '0',
  `condition_denial` int(11) DEFAULT '0',
  `sort` int(11) NOT NULL DEFAULT '1',
  `status` int(11) NOT NULL DEFAULT '1'
) ENGINE=InnoDB DEFAULT CHARSET=utf8;

--
-- Дамп данных таблицы `hm_menu_menu_item`
--

INSERT INTO `hm_menu_menu_item` (`id`, `parent_id`, `menu_id`, `regular_link`, `title`, `href`, `class`, `title_attr`, `before_link`, `after_link`, `target`, `rel`, `condition_name`, `condition_denial`, `sort`, `status`) VALUES
(1, 0, 1, 1, 'Ипотека', '/ipoteka/', '', '', '', '', '', '', '', 0, 1, 1),
(2, 0, 1, 1, 'Отзывы', '/reviews/', '', '', '', '', '', '', '', 0, 2, 1),
(3, 0, 1, 1, 'Партнерам', '/partners/', '', '', '', '', '', '', '', 0, 3, 1),
(4, 0, 1, 1, 'Полезное', '/articles/', '', '', '', '', '', '', '', 0, 5, 1),
(5, 0, 1, 1, 'Контакты', '/contacts/', '', '', '', '', '', '', '', 0, 8, 1),
(6, 0, 1, 1, 'Участки', 'http://7-prudov.ru', '', '', '', '', '_blank', '', '', 0, 7, 1),
(7, 0, 2, 1, 'Каталог домов', '/area/', '', '', '', '', '', '', '', 0, 9, 1),
(8, 0, 2, 1, 'Отзывы', '/reviews/', '', '', '', '', '', '', '', 0, 10, 1),
(9, 0, 2, 1, 'Полезное', '/articles/', '', '', '', '', '', '', '', 0, 11, 1),
(10, 0, 2, 1, 'Контакты', '/contacts/', '', '', '', '', '', '', '', 0, 12, 1),
(11, 0, 2, 1, 'Ипотека', '/ipoteka/', '', '', '', '', '', '', '', 0, 13, 1),
(12, 0, 2, 1, 'Партнерам', '/partners/', '', '', '', '', '', '', '', 0, 14, 1),
(13, 0, 2, 1, 'Участки', '/area/', '', '', '', '', '', '', '', 0, 15, 1);

-- --------------------------------------------------------

--
-- Структура таблицы `hm_migrations`
--

CREATE TABLE `hm_migrations` (
  `id` int(11) NOT NULL,
  `module` varchar(255) NOT NULL,
  `version` varchar(255) NOT NULL,
  `apply_time` int(11) DEFAULT NULL
) ENGINE=InnoDB DEFAULT CHARSET=utf8;

--
-- Дамп данных таблицы `hm_migrations`
--

INSERT INTO `hm_migrations` (`id`, `module`, `version`, `apply_time`) VALUES
(1, 'user', 'm000000_000000_user_base', 1582981368),
(2, 'user', 'm131019_212911_user_tokens', 1582981368),
(3, 'user', 'm131025_152911_clean_user_table', 1582981369),
(4, 'user', 'm131026_002234_prepare_hash_user_password', 1582981369),
(5, 'user', 'm131106_111552_user_restore_fields', 1582981369),
(6, 'user', 'm131121_190850_modify_tokes_table', 1582981369),
(7, 'user', 'm140812_100348_add_expire_to_token_table', 1582981369),
(8, 'user', 'm150416_113652_rename_fields', 1582981369),
(9, 'user', 'm151006_000000_user_add_phone', 1582981369),
(10, 'user', 'm180504_111948_add_news_subscribe', 1582981369),
(11, 'user', 'm180526_183428_user_discount', 1582981369),
(12, 'webforma', 'm000000_000000_webforma_base', 1582981373),
(13, 'webforma', 'm130527_154455_webforma_change_unique_index', 1582981373),
(14, 'webforma', 'm150416_125517_rename_fields', 1582981373),
(15, 'webforma', 'm160204_195213_change_settings_type', 1582981373),
(16, 'webforma', 'm190209_130352_change_fields', 1582981373),
(17, 'webforma', 'm190227_055153_cron_schedule', 1582981373),
(18, 'category', 'm000000_000000_category_base', 1582981376),
(19, 'category', 'm150415_150436_rename_fields', 1582981376),
(20, 'store', 'm140812_160000_store_attribute_group_base', 1582981378),
(21, 'store', 'm140812_170000_store_attribute_base', 1582981378),
(22, 'store', 'm140812_180000_store_attribute_option_base', 1582981378),
(23, 'store', 'm140813_200000_store_category_base', 1582981378),
(24, 'store', 'm140813_210000_store_type_base', 1582981378),
(25, 'store', 'm140813_220000_store_type_attribute_base', 1582981378),
(26, 'store', 'm140813_230000_store_producer_base', 1582981378),
(27, 'store', 'm140814_000000_store_product_base', 1582981378),
(28, 'store', 'm140814_000010_store_product_category_base', 1582981379),
(29, 'store', 'm140814_000013_store_product_attribute_eav_base', 1582981379),
(30, 'store', 'm140814_000018_store_product_image_base', 1582981379),
(31, 'store', 'm140814_000020_store_product_variant_base', 1582981379),
(32, 'store', 'm141014_210000_store_product_category_column', 1582981379),
(33, 'store', 'm141015_170000_store_product_image_column', 1582981379),
(34, 'store', 'm141218_091834_default_null', 1582981379),
(35, 'store', 'm150210_063409_add_store_menu_item', 1582981379),
(36, 'store', 'm150210_105811_add_price_column', 1582981379),
(37, 'store', 'm150210_131238_order_category', 1582981379),
(38, 'store', 'm150211_105453_add_position_for_product_variant', 1582981379),
(39, 'store', 'm150226_065935_add_product_position', 1582981379),
(40, 'store', 'm150416_112008_rename_fields', 1582981379),
(41, 'store', 'm150417_180000_store_product_link_base', 1582981379),
(42, 'store', 'm150825_184407_change_store_url', 1582981379),
(43, 'store', 'm150907_084604_new_attributes', 1582981379),
(44, 'store', 'm151218_081635_add_external_id_fields', 1582981380),
(45, 'store', 'm151218_082939_add_external_id_ix', 1582981380),
(46, 'store', 'm151218_142113_add_product_index', 1582981380),
(47, 'store', 'm151223_140722_drop_product_type_categories', 1582981380),
(48, 'store', 'm160210_084850_add_h1_and_canonical', 1582981380),
(49, 'store', 'm160210_131541_add_main_image_alt_title', 1582981380),
(50, 'store', 'm160211_180200_add_additional_images_alt_title', 1582981380),
(51, 'store', 'm160215_110749_add_image_groups_table', 1582981380),
(52, 'store', 'm160227_114934_rename_producer_order_column', 1582981380),
(53, 'store', 'm160309_091039_add_attributes_sort_and_search_fields', 1582981380),
(54, 'store', 'm160413_184551_add_type_attr_fk', 1582981380),
(55, 'store', 'm160602_091243_add_position_product_index', 1582981380),
(56, 'store', 'm160602_091909_add_producer_sort_index', 1582981380),
(57, 'store', 'm160713_105449_remove_irrelevant_product_status', 1582981380),
(58, 'store', 'm160805_070905_add_attribute_description', 1582981380),
(59, 'store', 'm161015_121915_change_product_external_id_type', 1582981380),
(60, 'store', 'm161122_090922_add_sort_product_position', 1582981380),
(61, 'store', 'm161122_093736_add_store_layouts', 1582981380),
(62, 'store', 'm180211_150200_add_fiedls', 1582981380),
(63, 'store', 'm180218_151307_add_category_type', 1582981380),
(64, 'store', 'm180219_190442_create_provider', 1582981381),
(65, 'store', 'm180219_190959_add_fields', 1582981381),
(66, 'store', 'm180220_175626_add_provider', 1582981381),
(67, 'store', 'm180220_183217_rename_prduct_provider', 1582981381),
(68, 'store', 'm180223_084222_add_variant_price', 1582981381),
(69, 'store', 'm180223_120204_variants_change', 1582981381),
(70, 'store', 'm180320_124919_in_stock', 1582981381),
(71, 'store', 'm180329_080846_add_producer_country', 1582981381),
(72, 'store', 'm180331_162409_extra_charge_change', 1582981381),
(73, 'store', 'm180415_104826_producer_line', 1582981381),
(74, 'store', 'm180415_114650_producer_line_order_to_sort', 1582981381),
(75, 'store', 'm180415_132302_producer_line_fk', 1582981381),
(76, 'store', 'm180415_133419_product_original_name', 1582981382),
(77, 'store', 'm180416_063720_add_producer_line_fk', 1582981382),
(78, 'store', 'm180417_193750_add_producer_h1', 1582981382),
(79, 'store', 'm180503_125717_variants_extra_change', 1582981382),
(80, 'store', 'm180506_162154_producer_country', 1582981382),
(81, 'store', 'm180509_081649_producer_line_image', 1582981382),
(82, 'store', 'm180516_064320_store_product_groups', 1582981382),
(83, 'store', 'm180516_163934_add_cat_in_group', 1582981382),
(84, 'store', 'm180516_174714_add_options_in_group', 1582981382),
(85, 'store', 'm180521_121406_extra_charget_default_null', 1582981382),
(86, 'store', 'm180526_112230_category_add_meta_groups', 1582981382),
(87, 'store', 'm180530_170234_add_producer_search_tags', 1582981382),
(88, 'store', 'm180530_170235_add_producer_search_tags', 1582981382),
(89, 'store', 'm180602_073015_add_tags_fields', 1582981382),
(90, 'store', 'm180602_075211_add_tags_fields', 1582981382),
(91, 'store', 'm180605_110746_add_option_group', 1582981382),
(92, 'store', 'm180617_134518_yml_type', 1582981382),
(93, 'store', 'm180617_140715_yml_add_name', 1582981382),
(94, 'store', 'm180618_121608_yml_field_name_onvar', 1582981382),
(95, 'store', 'm180620_121152_add_similar_attribute', 1582981382),
(96, 'store', 'm180626_112938_variant_discount', 1582981382),
(97, 'store', 'm180711_103308_add_not_filter', 1582981382),
(98, 'store', 'm180809_160714_add_variant_image', 1582981382),
(99, 'store', 'm180821_161855_product_discontinued', 1582981382),
(100, 'store', 'm180904_022406_add_fields', 1582981383),
(101, 'store', 'm180905_164029_stock_base', 1582981383),
(102, 'store', 'm180906_054708_stock_add_fields', 1582981383),
(103, 'store', 'm180906_181511_add_fields', 1582981383),
(104, 'store', 'm180915_125355_change_images_variants', 1582981383),
(105, 'store', 'm180918_185428_add_attr_field', 1582981383),
(106, 'store', 'm180919_183313_producer_retarget_code', 1582981383),
(107, 'store', 'm190209_145548_add_product_tabs', 1582981383),
(108, 'store', 'm190210_064110_add_unit', 1582981383),
(109, 'store', 'm190402_165721_category_add_system_name', 1582981383),
(110, 'store', 'm190411_162030_add_discount_price_variants', 1582981383),
(111, 'store', 'm190415_171918_yml_group', 1582981383),
(112, 'store', 'm190427_054922_add_pos_fields', 1582981383),
(113, 'store', 'm190508_044926_product_add_force_index', 1582981383),
(114, 'store', 'm190508_051405_product_view', 1582981383),
(115, 'store', 'm190530_051405_product_hit', 1582981383),
(116, 'store', 'm190608_060052_add_variant_import_id', 1582981383),
(117, 'store', 'm190617_105141_add_url_option', 1582981383),
(118, 'store', 'm190627_155147_add_index_product_groups', 1582981383),
(119, 'store', 'm190712_032030_add_general_option', 1582981383),
(120, 'store', 'm190719_093743_add_attribute_fields', 1582981383),
(121, 'store', 'm191224_182118_add_product_image_sort', 1582981383),
(122, 'store', 'm210722_182118_add_main_cats', 1582981384),
(123, 'mail', 'm000000_000000_mail_template_base', 1582981387),
(124, 'mail', 'm190416_030728_add_mail_template_icon', 1582981387),
(125, 'dictionary', 'm000000_000000_dictionary_base', 1582981391),
(126, 'dictionary', 'm190719_033137_add_sort', 1582981391),
(127, 'feedback', 'm000000_000000_feedback_base', 1582981396),
(128, 'feedback', 'm150415_184108_rename_fields', 1582981396),
(130, 'menu', 'm000000_000000_menu_base', 1582981402),
(131, 'menu', 'm121220_001126_menu_test_data', 1582981402),
(132, 'menu', 'm160914_134555_fix_menu_item_default_values', 1582981402),
(133, 'page', 'm000000_000000_page_base', 1582981407),
(134, 'page', 'm130115_155600_columns_rename', 1582981407),
(135, 'page', 'm140115_083618_add_layout', 1582981407),
(136, 'page', 'm140620_072543_add_view', 1582981407),
(137, 'page', 'm150312_151049_change_body_type', 1582981407),
(138, 'page', 'm150416_101038_rename_fields', 1582981407),
(139, 'page', 'm180318_135252_not_sitemap', 1582981407),
(140, 'page', 'm180527_134459_page_h1', 1582981407),
(141, 'page', 'm180608_101518_add_seo_title', 1582981407),
(142, 'page', 'm190205_062629_add_short_body', 1582981408),
(143, 'page', 'm190206_071541_add_image', 1582981408),
(144, 'redirect', 'm000000_000000_redirect_base', 1582981410),
(145, 'sitemap', 'm141004_130000_sitemap_page', 1582981415),
(146, 'sitemap', 'm141004_140000_sitemap_page_data', 1582981415),
(147, 'contentblock', 'm000000_000000_contentblock_base', 1582981421),
(148, 'contentblock', 'm140715_130737_add_category_id', 1582981421),
(149, 'contentblock', 'm150127_130425_add_status_column', 1582981421),
(150, 'contentblock', 'm190317_084523_add_system_flag', 1582981421),
(151, 'notify', 'm141031_091039_add_notify_table', 1582981424),
(152, 'store', 'm210922_182118_add_fields', 1582993423),
(153, 'store', 'm210922_182118_add_fields', 1582993423),
(154, 'articles', 'm000000_000000_articles_base', 1583346560),
(155, 'articles', 'm190205_115530_add_tags', 1583346560),
(156, 'articles', 'm190208_053432_add_category_id', 1583346560),
(157, 'articles', 'm190604_152436_add_sort_id', 1583346560),
(159, 'help', 'm000000_000000_help_base', 1583346740),
(160, 'review', 'm000000_000000_review_base', 1583421874),
(161, 'review', 'm181105_153001_reviews_add', 1583421874),
(162, 'review', 'm181105_160618_reviews_yandex_id', 1583421874),
(163, 'video', 'm000000_000000_video_base', 1583422035),
(164, 'video', 'm190305_170601_add_videogallery_image', 1583422035),
(165, 'video', 'm190313_045305_remove_slug', 1583422035),
(166, 'review', 'm191105_160618_image', 1583424811),
(167, 'review', 'm191106_160618_producer', 1584030184),
(168, 'callback', 'm150926_083350_callback_base', 1584116646),
(169, 'callback', 'm160621_075232_add_date_to_callback', 1584116646),
(170, 'callback', 'm161125_181730_add_url_to_callback', 1584116646),
(171, 'callback', 'm161204_122528_update_callback_encoding', 1584116646),
(172, 'dictionary', 'm200402_033132_add_fields', 1586876267);

-- --------------------------------------------------------

--
-- Структура таблицы `hm_notify_settings`
--

CREATE TABLE `hm_notify_settings` (
  `id` int(11) NOT NULL,
  `user_id` int(11) NOT NULL,
  `my_post` tinyint(1) NOT NULL DEFAULT '1',
  `my_comment` tinyint(1) NOT NULL DEFAULT '1'
) ENGINE=InnoDB DEFAULT CHARSET=utf8;

-- --------------------------------------------------------

--
-- Структура таблицы `hm_page_page`
--

CREATE TABLE `hm_page_page` (
  `id` int(11) NOT NULL,
  `category_id` int(11) DEFAULT NULL,
  `parent_id` int(11) DEFAULT NULL,
  `create_time` datetime NOT NULL,
  `update_time` datetime NOT NULL,
  `user_id` int(11) DEFAULT NULL,
  `change_user_id` int(11) DEFAULT NULL,
  `title_short` varchar(150) NOT NULL,
  `title` varchar(250) NOT NULL,
  `slug` varchar(150) NOT NULL,
  `body` mediumtext NOT NULL,
  `keywords` varchar(250) NOT NULL,
  `description` varchar(250) NOT NULL,
  `status` int(11) NOT NULL,
  `is_protected` tinyint(1) NOT NULL DEFAULT '0',
  `order` int(11) NOT NULL DEFAULT '0',
  `layout` varchar(250) DEFAULT NULL,
  `view` varchar(250) DEFAULT NULL,
  `exclude_sitemap` tinyint(1) NOT NULL DEFAULT '0',
  `title_h1` varchar(255) DEFAULT NULL,
  `meta_title` varchar(255) DEFAULT NULL,
  `short_body` text,
  `image` varchar(255) DEFAULT NULL
) ENGINE=InnoDB DEFAULT CHARSET=utf8;

--
-- Дамп данных таблицы `hm_page_page`
--

INSERT INTO `hm_page_page` (`id`, `category_id`, `parent_id`, `create_time`, `update_time`, `user_id`, `change_user_id`, `title_short`, `title`, `slug`, `body`, `keywords`, `description`, `status`, `is_protected`, `order`, `layout`, `view`, `exclude_sitemap`, `title_h1`, `meta_title`, `short_body`, `image`) VALUES
(1, NULL, NULL, '2020-02-29 19:43:24', '2020-02-29 19:43:24', 1, 1, '', 'О компании', 'about', '<p>Мы &mdash; крупнейшая в&nbsp;мире компания по&nbsp;производству и продаже спортивных товаров. В&nbsp;линейку нашей продукции входит более 2&nbsp;тыс. брендов&nbsp;&mdash; от&nbsp;легендарных и&nbsp;известных во&nbsp;всем мире. Мы&nbsp;ведём бизнес в&nbsp;189 странах мира.</p>', '', '', 1, 0, 1, NULL, NULL, 0, '', '', '', NULL),
(2, NULL, NULL, '2020-02-29 19:43:24', '2020-04-19 13:56:09', 1, 1, '', 'Контакты', 'contacts', '<p style=\"text-align: center;\">Наш офис находится по адресу: <br /><strong>Екатеринбург, Энгельса 36, БЦ &laquo;Филитц&raquo;, оф. 403 </strong></p>\r\n<p style=\"text-align: center;\">Телефон отдела продаж: <br /><strong>+7 (343) 302-31-01 </strong></p>\r\n<p style=\"text-align: center;\">Электронная почта: <br /><strong>sales@7-prudov.ru</strong></p>', '', '', 1, 0, 2, NULL, NULL, 0, '', '', '', NULL),
(3, NULL, NULL, '2020-02-29 19:43:24', '2020-02-29 19:43:24', 1, 1, '', 'Оплата и доставка', 'payment-delivery', '<h4>Способы оплаты:</h4>\r\n<p><strong>При получении</strong></p>\r\n<ul>\r\n<li>Наличными или банковской картой при доставке собственной курьерской службой.</li>\r\n<li>Наличными или банковской картой при самовывозе из магазина сети.</li>\r\n<li>Наличными при доставке сторонней курьерской службой до дома или пункта выдачи заказов.</li>\r\n</ul>\r\n<p><strong>На сайте</strong><br />Банковской картой (без комиссии)</p>', '', '', 1, 0, 3, NULL, NULL, 0, '', '', '', NULL),
(4, NULL, NULL, '2020-02-29 19:43:24', '2020-02-29 19:43:24', 1, 1, '', 'Политика конфиденциальности', 'privacy-policy', '<p>Настоящая Политика конфиденциальности персональных данных (далее &ndash; Политика конфиденциальности) действует в отношении всей информации, которую данный сайт, на котором размещен текст этой Политики конфиденциальности, может получить о Пользователе, а также любых программ и продуктов, размещенных на нем.</p>\r\n<p class=\"h4\">1. ОПРЕДЕЛЕНИЕ ТЕРМИНОВ</p>\r\n<p>1.1 В настоящей Политике конфиденциальности используются следующие термины:<br />1.1.1. &laquo;Администрация сайта&raquo; &ndash; уполномоченные сотрудники на управления сайтом, действующие от его имени, которые организуют и (или) осуществляет обработку персональных данных, а также определяет цели обработки персональных данных, состав персональных данных, подлежащих обработке, действия (операции), совершаемые с персональными данными.<br />1.1.2. &laquo;Персональные данные&raquo; &mdash; любая информация, относящаяся к прямо или косвенно определенному или определяемому физическому лицу (субъекту персональных данных).<br />1.1.3. &laquo;Обработка персональных данных&raquo; &mdash; любое действие (операция) или совокупность действий (операций), совершаемых с использованием средств автоматизации или без использования таких средств с персональными данными, включая сбор, запись, систематизацию, накопление, хранение, уточнение (обновление, изменение), извлечение, использование, передачу (распространение, предоставление, доступ), обезличивание, блокирование, удаление, уничтожение персональных данных.<br />1.1.4. &laquo;Конфиденциальность персональных данных&raquo; &mdash; обязательное для соблюдения Администрацией сайта требование не допускать их умышленного распространения без согласия субъекта персональных данных или наличия иного законного основания.<br />1.1.5. &laquo;Пользователь сайта (далее Пользователь)&raquo; &ndash; лицо, имеющее доступ к сайту, посредством сети Интернет и использующее данный сайт для своих целей.<br />1.1.5. &laquo;Пользователь сайта (далее Пользователь)&raquo; &ndash; лицо, имеющее доступ к сайту, посредством сети Интернет и использующее данный сайт для своих целей.<br />1.1.6. &laquo;Cookies&raquo; &mdash; небольшой фрагмент данных, отправленный веб-сервером и хранимый на компьютере пользователя, который веб-клиент или веб-браузер каждый раз пересылает веб-серверу в HTTP-запросе при попытке открыть страницу соответствующего сайта.<br />1.1.7. &laquo;IP-адрес&raquo; &mdash; уникальный сетевой адрес узла в компьютерной сети, построенной по протоколу IP.</p>\r\n<p class=\"h4\">2. ОБЩИЕ ПОЛОЖЕНИЯ</p>\r\n<p>2.1. Использование Пользователем сайта означает согласие с настоящей Политикой конфиденциальности и условиями обработки персональных данных Пользователя.<br />2.2. В случае несогласия с условиями Политики конфиденциальности Пользователь должен прекратить использование сайта.<br />2.3.Настоящая Политика конфиденциальности применяется только к данному сайту. Администрация сайта не контролирует и не несет ответственность за сайты третьих лиц, на которые Пользователь может перейти по ссылкам, доступным на данном сайте.<br />2.4. Администрация сайта не проверяет достоверность персональных данных, предоставляемых Пользователем сайта.</p>\r\n<p class=\"h4\">3. ПРЕДМЕТ ПОЛИТИКИ КОНФИДЕНЦИАЛЬНОСТИ</p>\r\n<p>3.1. Настоящая Политика конфиденциальности устанавливает обязательства Администрации сайта по умышленному неразглашению персональных данных, которые Пользователь предоставляет по разнообразным запросам Администрации сайта (например, при регистрации на сайте, оформлении заказа, подписки на уведомления и т.п).<br />3.2. Персональные данные, разрешённые к обработке в рамках настоящей Политики конфиденциальности, предоставляются Пользователем путём заполнения специальных форм на Сайте и обычно включают в себя следующую информацию:<br />3.2.1. фамилию, имя, отчество Пользователя;<br />3.2.2. контактный телефон Пользователя;<br />3.2.3. адрес электронной почты (e-mail);<br />3.2.4. место жительство Пользователя и другие данные.<br />3.3. Администрация сайта также принимает усилия по защите Персональных данных, которые автоматически передаются в процессе посещения страниц сайта:<br />3.3.1. IP адрес;<br />3.3.2. информация из cookies;<br />3.3.3. информация о браузере (или иной программе, которая осуществляет доступ к сайту);<br />3.3.4. время доступа;<br />3.3.5. посещенные адреса страниц;<br />3.3.6. реферер (адрес предыдущей страницы) и т.п.<br />3.4. Отключение cookies может повлечь невозможность доступа к сайту.<br />3.5. Сайт осуществляет сбор статистики об IP-адресах своих посетителей. Данная информация используется с целью выявления и решения технических проблем, для контроля корректности проводимых операций.<br />3.6. Любая иная персональная информация неоговоренная выше (история покупок, используемые браузеры и операционные системы и т.д.) не подлежит умышленному разглашению, за исключением случаев, предусмотренных в п.п. 5.2. и 5.3. настоящей Политики конфиденциальности.</p>\r\n<p class=\"h4\">4. ЦЕЛИ СБОРА ПЕРСОНАЛЬНОЙ ИНФОРМАЦИИ ПОЛЬЗОВАТЕЛЯ</p>\r\n<p>4.1. Персональные данные Пользователя Администрация сайта может использовать в целях:<br />4.1.1. Идентификации Пользователя, зарегистрированного на сайте, для оформления заказа и (или) заключения Договора.<br />4.1.2. Предоставления Пользователю доступа к персонализированным ресурсам сайта.<br />4.1.3. Установления с Пользователем обратной связи, включая направление уведомлений, запросов, касающихся использования сайта, оказания услуг, обработка запросов и заявок от Пользователя.<br />4.1.4. Определения места нахождения Пользователя для обеспечения безопасности, предотвращения мошенничества.<br />4.1.5. Подтверждения достоверности и полноты персональных данных, предоставленных Пользователем.<br />4.1.6. Предоставления Пользователю с его согласия, обновлений продукции, специальных предложений, информации о ценах, новостной рассылки и иных сведений от имени сайта или от имени партнеров сайта.<br />4.1.7. Осуществления рекламной деятельности с согласия Пользователя.</p>\r\n<p class=\"h4\">5. СПОСОБЫ И СРОКИ ОБРАБОТКИ ПЕРСОНАЛЬНОЙ ИНФОРМАЦИИ</p>\r\n<p>5.1. Обработка персональных данных Пользователя осуществляется без ограничения срока, любым законным способом, в том числе в информационных системах персональных данных с использованием средств автоматизации или без использования таких средств.<br />5.2. Пользователь соглашается с тем, что Администрация сайта вправе передавать персональные данные третьим лицам, в частности, курьерским службам, организациями почтовой связи, операторам электросвязи, исключительно в целях выполнения заявок Пользователя, оформленных на сайте, в рамках Договора публичной оферты.<br />5.3. Персональные данные Пользователя могут быть переданы уполномоченным органам государственной власти только по основаниям и в порядке, установленным действующим законодательством.</p>\r\n<p class=\"h4\">6. ОБЯЗАТЕЛЬСТВА СТОРОН</p>\r\n<p>6.1. Пользователь обязуется:<br />6.1.1. Предоставить корректную и правдивую информацию о персональных данных, необходимую для пользования сайтом.<br />6.1.2. Обновить или дополнить предоставленную информацию о персональных данных в случае изменения данной информации.<br />6.1.3. Принимать меры для защиты доступа к своим конфиденциальным данным, хранящимся на сайте.<br />6.2. Администрация сайта обязуется:<br />6.2.1. Использовать полученную информацию исключительно для целей, указанных в п. 4 настоящей Политики конфиденциальности.<br />6.2.2. Не разглашать персональных данных Пользователя, за исключением п.п. 5.2. и 5.3. настоящей Политики Конфиденциальности.<br />6.2.3. Осуществить блокирование персональных данных, относящихся к соответствующему Пользователю, с момента обращения или запроса Пользователя или его законного представителя либо уполномоченного органа по защите прав субъектов персональных данных на период проверки, в случае выявления недостоверных персональных данных или неправомерных действий.</p>\r\n<p class=\"h4\">7. ОТВЕТСТВЕННОСТЬ СТОРОН</p>\r\n<p>7.1. Администрация сайта несёт ответственность за умышленное разглашение Персональных данных Пользователя в соответствии с действующим законодательством, за исключением случаев, предусмотренных п.п. 5.2., 5.3. и 7.2. настоящей Политики Конфиденциальности.<br />7.2. В случае утраты или разглашения Персональных данных Администрация сайта не несёт ответственность, если данная конфиденциальная информация:<br />7.2.1. Стала публичным достоянием до её утраты или разглашения.<br />7.2.2. Была получена от третьей стороны до момента её получения Администрацией сайта.<br />7.2.3. Была получена третьими лицами путем несанкционированного доступа к файлам сайта.<br />7.2.4. Была разглашена с согласия Пользователя.<br />7.3. Пользователь несет ответственность за правомерность, корректность и правдивость предоставленной Персональных данных в соответствии с действующим законодательством.</p>\r\n<p class=\"h4\">8. РАЗРЕШЕНИЕ СПОРОВ</p>\r\n<p>8.1. До обращения в суд с иском по спорам, возникающим из отношений между Пользователем сайта и Администрацией сайта, обязательным является предъявление претензии (письменного предложения о добровольном урегулировании спора).<br />8.2 .Получатель претензии в течение 30 календарных дней со дня получения претензии, письменно уведомляет заявителя претензии о результатах рассмотрения претензии.<br />8.3. При не достижении соглашения спор будет передан на рассмотрение в судебный орган в соответствии с действующим законодательством.<br />8.4. К настоящей Политике конфиденциальности и отношениям между Пользователем и Администрацией сайта применяется действующее законодательство.</p>\r\n<p class=\"h4\">9. ДОПОЛНИТЕЛЬНЫЕ УСЛОВИЯ</p>\r\n<p>9.1. Администрация сайта вправе вносить изменения в настоящую Политику конфиденциальности без согласия Пользователя.<br />9.2. Новая Политика конфиденциальности вступает в силу с момента ее размещения на Сайте, если иное не предусмотрено новой редакцией Политики конфиденциальности.</p>\r\n<p>Для связи с администрацией сайта по любым вопросам вы можете написать письмо на e-mail, указанный на странице с контактами</p>', '', '', 1, 0, 4, NULL, NULL, 0, '', '', '', NULL),
(5, NULL, NULL, '2020-03-04 23:34:15', '2020-03-08 16:36:52', 1, 1, '', 'Партнерам', 'partners', '<h5 style=\"text-align: center;\">Партнерские отношения с экопарком &laquo;7 прудов&raquo;</h5>\r\n<p>Экопарк &laquo;7 прудов&raquo; &mdash; опытный застройщик загородных поселков в пригороде Екатеринбурга.</p>\r\n<p>За время своей работы мы построили 11 коттеджных поселков, реализовали более 1500 участков, протянули десятки километров сетей и дорог.</p>\r\n<p>Мы активно развиваем инфраструктуру коттеджных посёлков и приглашаем партнёров для открытия бизнеса на территории наших поселков.</p>\r\n<p>По мере освоения территории в посёлках появляется потребность в таких объектах инфраструктуры как:</p>\r\n<ul>\r\n<li>Частные детские сады и школы, школы развития, языковые школы и другие образовательные и досуговые учреждения</li>\r\n<li>Многопрофильные медицинские центры, поликлиники, аптеки, стоматологии</li>\r\n<li>Кафе, рестораны, бары, пекарни</li>\r\n<li>Фитнес-клубы, салоны красоты, СТО, автомойки и др.</li>\r\n<li>Ветеринарные клиники, зоомагазины</li>\r\n<li>Розничные продуктовые и другие магазины</li>\r\n<li>Точки бытовых услуг и др.</li>\r\n</ul>\r\n<p><strong>Стоит отметить, что все поселки расположены в зоне уже существующих населенных пунктов.</strong></p>\r\n<p>Это значит, что вашими клиентами могут стать также жители Рассохи, Прохладного, Косулино, Поварни, Бобровского и ряда уже освоенных популярных коттеджных поселков.</p>\r\n<p>Мы всегда открыты к диалогу и готовы обсудить предоставление индивидуальных условий сотрудничества.</p>\r\n<hr />\r\n<h5 style=\"text-align: center;\">В цифрах</h5>\r\n<p>[dictionary:partners-numeric]</p>\r\n<p>[dictionary:partners-buttons]</p>\r\n<hr />\r\n<h5 style=\"text-align: center;\">Отзывы наших партнеров</h5>\r\n<p>[dictionary:partners-reviews]</p>', '', '', 1, 0, 5, '', '', 0, '', '', '', NULL),
(6, NULL, NULL, '2020-03-10 20:51:47', '2020-03-14 16:52:17', 1, 1, '', 'Ипотека', 'ipoteka', '<p>Ипотека на загородную недвижимость, как один из видов ипотечного кредитования предполагает приобретение того или иного вида недвижимости за чертой города.</p>\r\n<p>Это может быть дача, дом, коттедж, а то и просто &ndash; земельный участок.</p>\r\n<p>Ипотека на загородное жилье не так распространена, как, например, на приобретение вторичного жилья и имеет свои характерные особенности, которые целиком и полностью учитываются нашими специалистами в ходе работы.</p>\r\n<p>Мы являемся официальными партнерами ведущих банков России и оказываем бесплатную помощь в получении ипотеки на лучших условиях.</p>\r\n<p>[dictionary:banki-ipoteka]</p>\r\n<p>[feedback:ipoteka]</p>\r\n<p>Собственное жилье &ndash; это мечта каждого из нас. Только в своей квартире или доме вы можете чувствовать себя защищенно и комфортно. Кроме того, арендная плата забирает значительную часть семейного бюджета. Поэтому каждый стремится как можно быстрее приобрести собственную недвижимость. Вот только цены на нее остаются высокими и молодые люди, только начинающие самостоятельную жизнь, новообразовавшиеся семьи, да и другие категории наших граждан не всегда располагают необходимой для покупки жилья суммой. Что же делать? Выход есть. Можно купить дом в ипотеку.</p>\r\n<p>Ипотека &ndash; это разновидность кредита, при котором банк в качестве залога берет недвижимость, которую человек покупает. Ипотека на квартиру является привычным явлением, а вот дома и дачи в ипотеку берет не часто.</p>\r\n<h4>Какие особенности оформления ипотеки на земельные участки и загородную недвижимость?</h4>\r\n<p>Купить участок в ипотеку, коттедж или загородный дом сложнее, чем квартиру в городе. Не все банки готовы давать такие кредиты, поскольку загородная недвижимость считается менее ликвидной, ее стоимость трудно оценить и сложнее предусмотреть колебания цен на нее. Кроме того, при оформлении такого кредита, в качестве залога оформляется и земельный участок, и дом. Это усложняет процесс.</p>\r\n<p>Тем не менее банки, заметив интерес россиян к загородной недвижимости, начинают все больше и больше предлагать ипотеку на готовые загородные дома.</p>\r\n<p>Однако к заемщикам и к самой недвижимости при этом предъявляется целый ряд требований:</p>\r\n<ul>\r\n<li>Банк проверит кредитную историю заемщика и его платежеспособность.</li>\r\n<li>Дом должен быть новым и пригодным к круглогодичному проживанию.</li>\r\n<li>Банки предъявляют требования даже к материалу фундамента, стен и перекрытий.</li>\r\n<li>К дому и земельному участку должна быть обустроена дорога.</li>\r\n<li>Обязательно должны быть проведены коммуникации: электричество, водопровод и отопление.</li>\r\n<li>Удаленность от крупных городов должна быть не более 100 км.</li>\r\n</ul>\r\n<p>На нашем сайте с помощью электронного калькулятора вы можете рассчитать, какой будет ваш ежемесячный платеж при том или ином первоначальном взносе и подобрать условия, выгодные в вашей ситуации.</p>\r\n<p>Дом в ипотеку в Екатеринбурге &ndash; это отличная возможность обзавестись недвижимостью уже сегодня.</p>', '', '', 1, 0, 6, '', '', 0, '', '', '', NULL);

-- --------------------------------------------------------

--
-- Структура таблицы `hm_redirect`
--

CREATE TABLE `hm_redirect` (
  `id` int(11) NOT NULL,
  `from` varchar(255) DEFAULT NULL,
  `to` varchar(255) DEFAULT NULL,
  `position` int(11) DEFAULT NULL,
  `status` int(11) DEFAULT '1'
) ENGINE=InnoDB DEFAULT CHARSET=utf8;

-- --------------------------------------------------------

--
-- Структура таблицы `hm_review`
--

CREATE TABLE `hm_review` (
  `id` int(11) NOT NULL,
  `parent_id` int(11) DEFAULT NULL,
  `user_id` int(11) DEFAULT NULL,
  `create_time` datetime NOT NULL,
  `name` varchar(150) NOT NULL,
  `email` varchar(150) NOT NULL,
  `phone` varchar(150) NOT NULL,
  `text` text NOT NULL,
  `status` int(11) NOT NULL DEFAULT '0',
  `ip` varchar(20) DEFAULT NULL,
  `rating` tinyint(3) DEFAULT NULL,
  `admin_text` text,
  `yandex_id` int(11) DEFAULT NULL,
  `image` varchar(255) DEFAULT NULL,
  `producer_id` int(11) DEFAULT NULL
) ENGINE=InnoDB DEFAULT CHARSET=utf8;

--
-- Дамп данных таблицы `hm_review`
--

INSERT INTO `hm_review` (`id`, `parent_id`, `user_id`, `create_time`, `name`, `email`, `phone`, `text`, `status`, `ip`, `rating`, `admin_text`, `yandex_id`, `image`, `producer_id`) VALUES
(1, NULL, NULL, '2020-03-05 20:42:13', 'Фамилия Имя Отчество', '', '', '<p>Отзыв Отзыв Отзыв Отзыв Отзыв Отзыв Отзыв Отзыв Отзыв Отзыв Отзыв Отзыв Отзыв Отзыв Отзыв Отзыв Отзыв Отзыв Отзыв Отзыв Отзыв Отзыв Отзыв Отзыв Отзыв Отзыв Отзыв Отзыв Отзыв Отзыв Отзыв Отзыв Отзыв Отзыв Отзыв Отзыв Отзыв Отзыв Отзыв Отзыв Отзыв Отзыв Отзыв Отзыв</p>', 1, '127.0.0.1', NULL, '', NULL, NULL, NULL),
(2, NULL, NULL, '2020-03-05 20:44:12', 'Имя Фамилия Отчество', '', '', '<p>Текст отзыва  Текст отзыва Текст отзыва Текст отзыва Текст отзыва Текст отзыва Текст отзыва </p>', 1, '127.0.0.1', NULL, '', NULL, NULL, NULL),
(3, NULL, NULL, '2020-03-12 21:38:40', 'Фамилия Имя Отчество', '', '', '', 1, '127.0.0.1', NULL, '<iframe width=\"727\" height=\"409\" src=\"https://www.youtube.com/embed/awk_9fBHGAM\" frameborder=\"0\" allow=\"accelerometer; autoplay; encrypted-media; gyroscope; picture-in-picture\" allowfullscreen></iframe>', NULL, NULL, 1),
(4, NULL, NULL, '2020-03-12 21:39:04', 'Фамилия Имя Отчество', '', '', '<p>Отзыв текстовый</p>', 1, '127.0.0.1', NULL, '', NULL, NULL, 1),
(5, NULL, NULL, '2020-03-12 22:03:20', 'Видео отзыв 1', '', '', '', 1, '127.0.0.1', NULL, '<iframe width=\"727\" height=\"409\" src=\"https://www.youtube.com/embed/awk_9fBHGAM\" frameborder=\"0\" allow=\"accelerometer; autoplay; encrypted-media; gyroscope; picture-in-picture\" allowfullscreen></iframe>', NULL, NULL, NULL),
(6, NULL, NULL, '2020-03-12 22:03:26', 'Видео отзыв 2', '', '', '', 1, '127.0.0.1', NULL, '<iframe width=\"727\" height=\"409\" src=\"https://www.youtube.com/embed/awk_9fBHGAM\" frameborder=\"0\" allow=\"accelerometer; autoplay; encrypted-media; gyroscope; picture-in-picture\" allowfullscreen></iframe>', NULL, NULL, NULL);

-- --------------------------------------------------------

--
-- Структура таблицы `hm_sitemap_page`
--

CREATE TABLE `hm_sitemap_page` (
  `id` int(11) NOT NULL,
  `url` varchar(250) NOT NULL,
  `changefreq` varchar(20) NOT NULL,
  `priority` float NOT NULL DEFAULT '0.5',
  `status` int(11) NOT NULL DEFAULT '0'
) ENGINE=InnoDB DEFAULT CHARSET=utf8;

--
-- Дамп данных таблицы `hm_sitemap_page`
--

INSERT INTO `hm_sitemap_page` (`id`, `url`, `changefreq`, `priority`, `status`) VALUES
(1, '/', 'daily', 0.5, 1);

-- --------------------------------------------------------

--
-- Структура таблицы `hm_store_attribute`
--

CREATE TABLE `hm_store_attribute` (
  `id` int(11) NOT NULL,
  `group_id` int(11) DEFAULT NULL,
  `name` varchar(250) NOT NULL,
  `title` varchar(250) DEFAULT NULL,
  `type` tinyint(4) DEFAULT NULL,
  `unit` varchar(30) DEFAULT NULL,
  `required` tinyint(1) NOT NULL DEFAULT '0',
  `sort` int(11) NOT NULL DEFAULT '0',
  `is_filter` smallint(6) NOT NULL DEFAULT '1',
  `description` text,
  `yml_field` varchar(32) DEFAULT NULL,
  `yml_add_name` tinyint(1) DEFAULT '0',
  `yml_add_name_on_variant` tinyint(1) DEFAULT '0',
  `use_on_similar` tinyint(1) DEFAULT '0',
  `hide_in_site` tinyint(1) DEFAULT '0',
  `yml_group_variant` tinyint(1) DEFAULT '0',
  `is_general` tinyint(1) DEFAULT '0',
  `append_name` tinyint(1) DEFAULT '0',
  `yml_add_unit` tinyint(1) DEFAULT '0'
) ENGINE=InnoDB DEFAULT CHARSET=utf8;

--
-- Дамп данных таблицы `hm_store_attribute`
--

INSERT INTO `hm_store_attribute` (`id`, `group_id`, `name`, `title`, `type`, `unit`, `required`, `sort`, `is_filter`, `description`, `yml_field`, `yml_add_name`, `yml_add_name_on_variant`, `use_on_similar`, `hide_in_site`, `yml_group_variant`, `is_general`, `append_name`, `yml_add_unit`) VALUES
(1, 2, 'dopolnitelnye-opcii-v-spiske', 'Дополнительно', 4, '', 0, 26, 0, '', '', 0, 0, 0, 0, 0, 0, 0, 0),
(2, 1, 'material-sten', 'Материал стен', 2, '', 1, 1, 1, '', '', 0, 0, 0, 0, 0, 0, 0, 0),
(3, 4, 'kommunikacii', 'Коммуникации', 4, '', 0, 23, 0, '', '', 0, 0, 0, 0, 0, 0, 0, 0),
(4, 3, 'planirovka', 'Кухня', 1, 'м<sup>2</sup>', 0, 16, 0, '', '', 0, 0, 0, 0, 0, 0, 0, 0),
(5, 3, 'gostinaya', 'Гостиная', 1, 'м<sup>2</sup>', 0, 17, 0, '', '', 0, 0, 0, 0, 0, 0, 0, 0),
(6, 3, 'gostinaya-2', 'Гостиная', 1, 'м<sup>2</sup>', 0, 18, 0, '', '', 0, 0, 0, 0, 0, 0, 0, 0),
(7, 3, 'spalnya', 'Спальня', 1, 'м<sup>2</sup>', 0, 20, 0, '', '', 0, 0, 0, 0, 0, 0, 0, 0),
(8, 3, 'holl', 'Холл', 1, 'м<sup>2</sup>', 0, 21, 0, '', '', 0, 0, 0, 0, 0, 0, 0, 0),
(9, 3, 'sanuzel', 'Санузел', 1, 'м<sup>2</sup>', 0, 22, 0, '', '', 0, 0, 0, 0, 0, 0, 0, 0),
(10, 3, 'gostinaya-1', 'Гостиная', 1, 'м<sup>2</sup>', 0, 19, 0, '', '', 0, 0, 0, 0, 0, 0, 0, 0),
(13, 6, 'otdelka-sten', 'Отделка стен', 4, '', 0, 7, 0, '', '', 0, 0, 0, 0, 0, 0, 0, 0),
(14, 6, 'kolichestvo-komnat', 'Количество комнат', 2, '', 0, 14, 0, '', '', 0, 0, 0, 0, 0, 0, 0, 0),
(15, 6, 'kolichestvo-sanuzlov', 'Количество санузлов', 2, '', 0, 15, 0, '', '', 0, 0, 0, 0, 0, 0, 0, 0),
(16, 6, 'vid-vnutrenney-otdelki', 'Вид внутренней отделки', 2, '', 1, 4, 1, '', '', 0, 0, 0, 0, 0, 0, 0, 0),
(17, 1, 'otdelka-fasada', 'Отделка фасада', 4, '', 0, 2, 0, '', '', 0, 0, 0, 0, 0, 0, 0, 0),
(18, 6, 'pol', 'Пол', 4, '', 0, 5, 0, '', '', 0, 0, 0, 0, 0, 0, 0, 0),
(19, 6, 'potolok', 'Потолок', 4, '', 0, 6, 0, '', '', 0, 0, 0, 0, 0, 0, 0, 0),
(20, 6, 'vnutrennie-peregorodki', 'Внутренние перегородки', 4, '', 0, 8, 0, '', '', 0, 0, 0, 0, 0, 0, 0, 0),
(21, 6, 'rozetki-i-vyklyuchateli', 'Розетки и выключатели', 2, '', 0, 9, 0, '', '', 0, 0, 0, 0, 0, 0, 0, 0),
(22, 6, 'otdelka-sanuzla', 'Отделка санузла', 4, '', 0, 10, 0, '', '', 0, 0, 0, 0, 0, 0, 0, 0),
(23, 6, 'santehnika', 'Сантехника', 4, '', 0, 11, 0, '', '', 0, 0, 0, 0, 0, 0, 0, 0),
(24, 6, 'mezhkomnatnye-dveri', 'Межкомнатные двери', 2, '', 0, 12, 0, '', '', 0, 0, 0, 0, 0, 0, 0, 0),
(25, 4, 'otoplenie', 'Отопление', 2, '', 0, 24, 0, '', '', 0, 0, 0, 0, 0, 0, 0, 0),
(26, 4, 'vodosnabzhenie', 'Водоснабжение', 4, '', 0, 25, 0, '', '', 0, 0, 0, 0, 0, 0, 0, 0);

-- --------------------------------------------------------

--
-- Структура таблицы `hm_store_attribute_group`
--

CREATE TABLE `hm_store_attribute_group` (
  `id` int(11) NOT NULL,
  `name` varchar(255) NOT NULL,
  `position` int(11) NOT NULL DEFAULT '1'
) ENGINE=InnoDB DEFAULT CHARSET=utf8;

--
-- Дамп данных таблицы `hm_store_attribute_group`
--

INSERT INTO `hm_store_attribute_group` (`id`, `name`, `position`) VALUES
(1, 'Внешняя отделка', 1),
(2, 'Дополнительно', 5),
(3, 'Планировка', 4),
(4, 'Коммуникации', 3),
(6, 'Внутренняя отделка', 2);

-- --------------------------------------------------------

--
-- Структура таблицы `hm_store_attribute_option`
--

CREATE TABLE `hm_store_attribute_option` (
  `id` int(11) NOT NULL,
  `attribute_id` int(11) DEFAULT NULL,
  `position` int(11) NOT NULL DEFAULT '0',
  `value` varchar(255) DEFAULT '',
  `group_name` varchar(32) DEFAULT NULL
) ENGINE=InnoDB DEFAULT CHARSET=utf8;

--
-- Дамп данных таблицы `hm_store_attribute_option`
--

INSERT INTO `hm_store_attribute_option` (`id`, `attribute_id`, `position`, `value`, `group_name`) VALUES
(7, 2, 7, 'Газоблок', NULL),
(8, 3, 8, 'Отопление', NULL),
(9, 3, 9, 'Водоснабжение', NULL),
(10, 3, 10, 'Электричество', NULL),
(16, 14, 16, '1', NULL),
(17, 14, 17, '2', NULL),
(18, 14, 18, '3', NULL),
(19, 14, 19, '4', NULL),
(20, 14, 20, '5', NULL),
(21, 15, 21, '1', NULL),
(22, 15, 22, '2', NULL),
(23, 15, 23, '3', NULL),
(24, 16, 24, 'Под ключ', NULL),
(25, 16, 25, 'Под чистовую', NULL),
(26, 16, 26, 'Черновая', NULL),
(27, 17, 27, 'Штукатурка', NULL),
(28, 17, 28, 'Кирпич', NULL),
(29, 17, 29, 'Сайдинг', NULL),
(30, 18, 30, 'Ламинат', NULL),
(31, 18, 31, 'Линолеум', NULL),
(32, 18, 32, 'Стяжка', NULL),
(33, 19, 33, 'Натяжной', NULL),
(34, 19, 34, 'Подвесной', NULL),
(35, 19, 35, 'Гипсокартон', NULL),
(36, 19, 36, 'Штукатурка', NULL),
(37, 13, 37, 'Обои', NULL),
(38, 13, 38, 'Штукатурка под обои', NULL),
(39, 13, 39, 'Черновая', NULL),
(40, 13, 40, 'Обои под покраску', NULL),
(41, 13, 41, 'Декоративная штукатурка', NULL),
(42, 20, 42, 'Газоблок', NULL),
(43, 20, 43, 'Пенополистиролбетон', NULL),
(44, 20, 44, 'Гипсокартон', NULL),
(45, 21, 45, 'Есть', NULL),
(46, 21, 46, 'Нет', NULL),
(47, 22, 47, 'Керамическая плитка', NULL),
(48, 22, 48, 'Гипсокартон', NULL),
(49, 22, 49, 'Штукатурка', NULL),
(50, 23, 50, 'Унитаз', NULL),
(51, 23, 51, 'Ванна/душевая кабина', NULL),
(52, 23, 52, 'Раковина', NULL),
(53, 23, 53, 'Смесители', NULL),
(54, 23, 54, 'Водонагреватель', NULL),
(55, 24, 55, 'Есть', NULL),
(56, 24, 56, 'Нет', NULL),
(57, 25, 57, 'Радиаторы', NULL),
(58, 25, 58, 'Теплый пол', NULL),
(59, 25, 59, 'Теплый пол+радиаторы', NULL),
(60, 26, 60, 'Скважина', NULL),
(61, 1, 61, 'Забор', NULL),
(62, 1, 62, 'Гараж/навес для авто/парковочная зона', NULL),
(63, 1, 63, 'Баня/сауна', NULL),
(64, 1, 64, 'Беседка', NULL),
(65, 1, 65, 'Газовый котел', NULL),
(66, 1, 66, 'Возможность газификации', NULL),
(67, 1, 67, 'Септик', NULL),
(68, 2, 68, 'Пенополистиролбетон', NULL),
(69, 2, 69, 'Кирпич', NULL),
(70, 2, 70, 'Деревянный каркас, брус', NULL);

-- --------------------------------------------------------

--
-- Структура таблицы `hm_store_category`
--

CREATE TABLE `hm_store_category` (
  `id` int(11) NOT NULL,
  `parent_id` int(11) DEFAULT NULL,
  `slug` varchar(150) NOT NULL,
  `name` varchar(250) NOT NULL,
  `image` varchar(250) DEFAULT NULL,
  `short_description` text,
  `description` text,
  `meta_title` varchar(250) DEFAULT NULL,
  `meta_description` varchar(250) DEFAULT NULL,
  `meta_keywords` varchar(250) DEFAULT NULL,
  `status` tinyint(1) NOT NULL DEFAULT '1',
  `sort` int(11) NOT NULL DEFAULT '1',
  `external_id` varchar(100) DEFAULT NULL,
  `title` varchar(255) DEFAULT NULL,
  `meta_canonical` varchar(255) DEFAULT NULL,
  `image_alt` varchar(255) DEFAULT NULL,
  `image_title` varchar(255) DEFAULT NULL,
  `view` varchar(100) DEFAULT NULL,
  `product_type` int(11) DEFAULT '0',
  `groups_h1` varchar(250) DEFAULT NULL,
  `groups_meta_title` varchar(250) DEFAULT NULL,
  `groups_meta_description` varchar(250) DEFAULT NULL,
  `groups_meta_keywords` varchar(250) DEFAULT NULL,
  `groups_alias` varchar(255) DEFAULT NULL,
  `groups_name` varchar(255) DEFAULT NULL,
  `not_filter` tinyint(1) DEFAULT '0',
  `on_main` tinyint(1) DEFAULT '0',
  `sort_main` int(11) DEFAULT '1'
) ENGINE=InnoDB DEFAULT CHARSET=utf8;

-- --------------------------------------------------------

--
-- Структура таблицы `hm_store_producer`
--

CREATE TABLE `hm_store_producer` (
  `id` int(11) NOT NULL,
  `name_short` varchar(150) NOT NULL,
  `name` varchar(250) NOT NULL,
  `slug` varchar(150) NOT NULL,
  `image` varchar(250) DEFAULT NULL,
  `short_description` text,
  `description` text,
  `meta_title` varchar(250) DEFAULT NULL,
  `meta_keywords` varchar(250) DEFAULT NULL,
  `meta_description` varchar(250) DEFAULT NULL,
  `status` int(11) NOT NULL DEFAULT '1',
  `sort` int(11) NOT NULL DEFAULT '0',
  `view` varchar(100) DEFAULT NULL,
  `title` varchar(255) NOT NULL DEFAULT '',
  `country_id` int(11) DEFAULT NULL,
  `search_name` varchar(250) DEFAULT NULL,
  `retargeting_code` text
) ENGINE=InnoDB DEFAULT CHARSET=utf8;

--
-- Дамп данных таблицы `hm_store_producer`
--

INSERT INTO `hm_store_producer` (`id`, `name_short`, `name`, `slug`, `image`, `short_description`, `description`, `meta_title`, `meta_keywords`, `meta_description`, `status`, `sort`, `view`, `title`, `country_id`, `search_name`, `retargeting_code`) VALUES
(1, '', 'Застройщик №1', 'zastroyshchik-no1', NULL, '', '', NULL, NULL, NULL, 1, 1, NULL, '', NULL, '', '');

-- --------------------------------------------------------

--
-- Структура таблицы `hm_store_producer_country`
--

CREATE TABLE `hm_store_producer_country` (
  `id` int(11) NOT NULL,
  `name` varchar(250) NOT NULL,
  `slug` varchar(150) NOT NULL,
  `description` text,
  `description_bottom` text,
  `h1` varchar(250) DEFAULT NULL,
  `meta_title` varchar(250) DEFAULT NULL,
  `meta_keywords` varchar(250) DEFAULT NULL,
  `meta_description` varchar(250) DEFAULT NULL,
  `status` int(11) NOT NULL DEFAULT '1'
) ENGINE=InnoDB DEFAULT CHARSET=utf8;

-- --------------------------------------------------------

--
-- Структура таблицы `hm_store_producer_line`
--

CREATE TABLE `hm_store_producer_line` (
  `id` int(11) NOT NULL,
  `producer_id` int(11) NOT NULL,
  `name` varchar(250) NOT NULL,
  `slug` varchar(150) NOT NULL,
  `short_description` text,
  `description` text,
  `meta_title` varchar(250) DEFAULT NULL,
  `meta_keywords` varchar(250) DEFAULT NULL,
  `meta_description` varchar(250) DEFAULT NULL,
  `status` int(11) NOT NULL DEFAULT '1',
  `sort` int(11) NOT NULL DEFAULT '0',
  `image` varchar(255) DEFAULT NULL
) ENGINE=InnoDB DEFAULT CHARSET=utf8;

-- --------------------------------------------------------

--
-- Структура таблицы `hm_store_product`
--

CREATE TABLE `hm_store_product` (
  `id` int(11) NOT NULL,
  `type_id` int(11) DEFAULT NULL,
  `producer_id` int(11) DEFAULT NULL,
  `category_id` int(11) DEFAULT NULL,
  `sku` varchar(100) DEFAULT NULL,
  `name` varchar(250) NOT NULL,
  `slug` varchar(150) NOT NULL,
  `price` decimal(19,2) NOT NULL DEFAULT '0.00',
  `discount_price` decimal(19,2) NOT NULL DEFAULT '0.00',
  `discount` decimal(19,2) NOT NULL DEFAULT '0.00',
  `description` text,
  `short_description` text,
  `data` text,
  `is_special` tinyint(1) NOT NULL DEFAULT '0',
  `length` decimal(19,3) DEFAULT NULL,
  `width` decimal(19,3) DEFAULT NULL,
  `height` decimal(19,3) DEFAULT NULL,
  `weight` decimal(19,3) DEFAULT NULL,
  `quantity` int(11) DEFAULT NULL,
  `in_stock` tinyint(4) NOT NULL DEFAULT '1',
  `status` tinyint(4) NOT NULL DEFAULT '1',
  `create_time` datetime NOT NULL,
  `update_time` datetime NOT NULL,
  `meta_title` varchar(250) DEFAULT NULL,
  `meta_keywords` varchar(250) DEFAULT NULL,
  `meta_description` varchar(250) DEFAULT NULL,
  `image` varchar(250) DEFAULT NULL,
  `average_price` decimal(19,2) NOT NULL DEFAULT '0.00',
  `purchase_price` decimal(19,2) NOT NULL DEFAULT '0.00',
  `recommended_price` decimal(19,2) NOT NULL DEFAULT '0.00',
  `position` int(11) NOT NULL DEFAULT '1',
  `external_id` varchar(100) DEFAULT NULL,
  `title` varchar(255) DEFAULT NULL,
  `meta_canonical` varchar(255) DEFAULT NULL,
  `image_alt` varchar(255) DEFAULT NULL,
  `image_title` varchar(255) DEFAULT NULL,
  `view` varchar(100) DEFAULT NULL,
  `extra_charge` int(3) DEFAULT NULL,
  `is_new` tinyint(1) DEFAULT '0',
  `provider_id` int(11) DEFAULT NULL,
  `producer_line_id` int(11) DEFAULT NULL,
  `original_name` varchar(255) NOT NULL DEFAULT '',
  `discontinued` tinyint(1) NOT NULL DEFAULT '0',
  `show_at_end` tinyint(1) NOT NULL DEFAULT '0',
  `unit` varchar(255) DEFAULT NULL,
  `search_name` text,
  `force_index` tinyint(1) DEFAULT '0',
  `count_view` int(11) DEFAULT '0',
  `is_hit` tinyint(1) DEFAULT '0',
  `square` decimal(19,2) NOT NULL DEFAULT '0.00',
  `square_area` decimal(19,2) NOT NULL DEFAULT '0.00',
  `floor_id` int(11) DEFAULT NULL,
  `done_id` int(11) DEFAULT NULL,
  `place_id` int(11) DEFAULT NULL,
  `address` varchar(128) DEFAULT NULL,
  `coords` varchar(128) DEFAULT NULL,
  `date` date DEFAULT NULL
) ENGINE=InnoDB DEFAULT CHARSET=utf8;

--
-- Дамп данных таблицы `hm_store_product`
--

INSERT INTO `hm_store_product` (`id`, `type_id`, `producer_id`, `category_id`, `sku`, `name`, `slug`, `price`, `discount_price`, `discount`, `description`, `short_description`, `data`, `is_special`, `length`, `width`, `height`, `weight`, `quantity`, `in_stock`, `status`, `create_time`, `update_time`, `meta_title`, `meta_keywords`, `meta_description`, `image`, `average_price`, `purchase_price`, `recommended_price`, `position`, `external_id`, `title`, `meta_canonical`, `image_alt`, `image_title`, `view`, `extra_charge`, `is_new`, `provider_id`, `producer_line_id`, `original_name`, `discontinued`, `show_at_end`, `unit`, `search_name`, `force_index`, `count_view`, `is_hit`, `square`, `square_area`, `floor_id`, `done_id`, `place_id`, `address`, `coords`, `date`) VALUES
(1, 1, 1, NULL, NULL, 'ул. Аквамариновая 26', 'ul-akvamarinovaya-26', '3170000.00', '0.00', '0.00', '', '', '', 0, NULL, NULL, NULL, NULL, NULL, 1, 1, '2020-02-29 21:34:42', '2020-03-12 21:42:54', '', '', '', NULL, '0.00', '0.00', '0.00', 1, NULL, '', '', NULL, NULL, NULL, NULL, NULL, NULL, NULL, '', 0, 0, NULL, '', 0, 100, 0, '74.60', '1200.00', 1, 4, 7, NULL, '', '0000-00-00'),
(2, 1, NULL, NULL, NULL, 'ул. Аквамариновая 26-2', 'ul-akvamarinovaya-26-1', '2170000.00', '0.00', '0.00', '', '', '', 0, NULL, NULL, NULL, NULL, NULL, 1, 1, '2020-02-29 22:04:00', '2020-03-10 18:55:39', '', '', '', NULL, '0.00', '0.00', '0.00', 2, NULL, '', '', NULL, NULL, NULL, NULL, NULL, NULL, NULL, '', 0, 0, NULL, '', 0, 0, 0, '74.60', '1200.00', 1, 4, 7, NULL, '', '0000-00-00'),
(3, 1, NULL, NULL, NULL, 'ул. Аквамариновая 26-3', 'ul-akvamarinovaya-26-1-1', '1170000.00', '0.00', '0.00', '', '', '', 0, NULL, NULL, NULL, NULL, NULL, 1, 1, '2020-02-29 22:05:53', '2020-03-10 18:56:13', '', '', '', NULL, '0.00', '0.00', '0.00', 3, NULL, '', '', NULL, NULL, NULL, NULL, NULL, NULL, NULL, '', 0, 0, NULL, '', 0, 2, 0, '25.00', '1200.00', 1, 6, 19, NULL, '', '0000-00-00'),
(4, 1, NULL, NULL, NULL, 'ул. Аквамариновая 26-4', 'ul-akvamarinovaya-26-1-1-1', '4170000.00', '0.00', '0.00', '', '', '', 0, NULL, NULL, NULL, NULL, NULL, 1, 1, '2020-02-29 22:06:27', '2020-03-10 19:28:27', '', '', '', NULL, '0.00', '0.00', '0.00', 4, NULL, '', '', NULL, NULL, NULL, NULL, NULL, NULL, NULL, '', 0, 0, NULL, '', 0, 0, 0, '100.00', '231.00', 2, 5, 19, NULL, '', '2020-03-18'),
(5, 1, NULL, NULL, NULL, 'ул. Аквамариновая 26-5', 'ul-akvamarinovaya-26-1-1-1-1', '3170000.00', '0.00', '0.00', '', '', '', 0, NULL, NULL, NULL, NULL, NULL, 1, 1, '2020-02-29 22:07:19', '2020-02-29 22:08:07', '', '', '', NULL, '0.00', '0.00', '0.00', 5, NULL, '', '', NULL, NULL, NULL, NULL, NULL, NULL, NULL, '', 0, 0, NULL, '', 0, 0, 0, '74.60', '1200.00', 1, 4, 7, NULL, '', '1970-01-01'),
(6, 1, NULL, NULL, NULL, 'ул. Аквамариновая 26-6', 'ul-akvamarinovaya-26-1-1-1-1-1', '3170000.00', '0.00', '0.00', '', '', '', 0, NULL, NULL, NULL, NULL, NULL, 1, 1, '2020-02-29 22:08:14', '2020-03-10 19:19:04', '', '', '', NULL, '0.00', '0.00', '0.00', 6, NULL, '', '', NULL, NULL, NULL, NULL, NULL, NULL, NULL, '', 0, 0, NULL, '', 0, 0, 0, '74.60', '1200.00', 1, 4, 19, NULL, '', '0000-00-00'),
(7, 1, NULL, NULL, NULL, 'ул. Аквамариновая 26-7', 'ul-akvamarinovaya-26-1-1-1-1-1-1', '3170000.00', '0.00', '0.00', '', '', '', 0, NULL, NULL, NULL, NULL, NULL, 1, 1, '2020-02-29 22:13:57', '2020-02-29 22:13:57', '', '', '', NULL, '0.00', '0.00', '0.00', 7, NULL, '', '', NULL, NULL, NULL, NULL, NULL, NULL, NULL, '', 0, 0, NULL, '', 0, 0, 0, '74.60', '1200.00', 1, 4, 7, NULL, '', '1970-01-01'),
(8, 1, NULL, NULL, NULL, 'ул. Аквамариновая 26-8', 'ul-akvamarinovaya-26-7', '3170000.00', '0.00', '0.00', '', '', '', 0, NULL, NULL, NULL, NULL, NULL, 1, 1, '2020-02-29 22:15:36', '2020-02-29 22:15:36', '', '', '', NULL, '0.00', '0.00', '0.00', 8, NULL, '', '', NULL, NULL, NULL, NULL, NULL, NULL, NULL, '', 0, 0, NULL, '', 0, 0, 0, '74.60', '1200.00', 1, 4, 7, NULL, '', '1970-01-01'),
(9, 1, NULL, NULL, NULL, 'ул. Аквамариновая 26-9', 'ul-akvamarinovaya-26-1-6', '3170000.00', '0.00', '0.00', '', '', '', 0, NULL, NULL, NULL, NULL, NULL, 1, 1, '2020-02-29 22:15:36', '2020-02-29 22:15:36', '', '', '', NULL, '0.00', '0.00', '0.00', 9, NULL, '', '', NULL, NULL, NULL, NULL, NULL, NULL, NULL, '', 0, 0, NULL, '', 0, 0, 0, '74.60', '1200.00', 1, 4, 7, NULL, '', '1970-01-01'),
(10, 1, NULL, NULL, NULL, 'ул. Аквамариновая 26-10', 'ul-akvamarinovaya-26-1-1-5', '3170000.00', '0.00', '0.00', '', '', '', 0, NULL, NULL, NULL, NULL, NULL, 1, 1, '2020-02-29 22:15:36', '2020-02-29 22:15:36', '', '', '', NULL, '0.00', '0.00', '0.00', 10, NULL, '', '', NULL, NULL, NULL, NULL, NULL, NULL, NULL, '', 0, 0, NULL, '', 0, 0, 0, '74.60', '1200.00', 1, 4, 7, NULL, '', '1970-01-01'),
(11, 1, NULL, NULL, NULL, 'ул. Аквамариновая 26-11', 'ul-akvamarinovaya-26-1-1-1-4', '3170000.00', '0.00', '0.00', '', '', '', 0, NULL, NULL, NULL, NULL, NULL, 1, 1, '2020-02-29 22:15:36', '2020-02-29 22:15:36', '', '', '', NULL, '0.00', '0.00', '0.00', 11, NULL, '', '', NULL, NULL, NULL, NULL, NULL, NULL, NULL, '', 0, 0, NULL, '', 0, 0, 0, '74.60', '1200.00', 1, 4, 7, NULL, '', '1970-01-01'),
(12, 1, NULL, NULL, NULL, 'ул. Аквамариновая 26-12', 'ul-akvamarinovaya-26-1-1-1-1-3', '3170000.00', '0.00', '0.00', '', '', '', 0, NULL, NULL, NULL, NULL, NULL, 1, 1, '2020-02-29 22:15:36', '2020-02-29 22:15:36', '', '', '', NULL, '0.00', '0.00', '0.00', 12, NULL, '', '', NULL, NULL, NULL, NULL, NULL, NULL, NULL, '', 0, 0, NULL, '', 0, 0, 0, '74.60', '1200.00', 1, 4, 7, NULL, '', '1970-01-01'),
(13, 1, NULL, NULL, NULL, 'ул. Аквамариновая 26-13', 'ul-akvamarinovaya-26-1-1-1-1-1-2', '3170000.00', '0.00', '0.00', '', '', '', 0, NULL, NULL, NULL, NULL, NULL, 1, 1, '2020-02-29 22:15:36', '2020-02-29 22:15:36', '', '', '', NULL, '0.00', '0.00', '0.00', 13, NULL, '', '', NULL, NULL, NULL, NULL, NULL, NULL, NULL, '', 0, 0, NULL, '', 0, 0, 0, '74.60', '1200.00', 1, 4, 7, NULL, '', '1970-01-01'),
(14, 1, NULL, NULL, NULL, 'ул. Аквамариновая 26-14', 'ul-akvamarinovaya-26-1-1-1-1-1-1-1', '3170000.00', '0.00', '0.00', '', '', '', 0, NULL, NULL, NULL, NULL, NULL, 1, 1, '2020-02-29 22:15:36', '2020-02-29 22:15:36', '', '', '', NULL, '0.00', '0.00', '0.00', 14, NULL, '', '', NULL, NULL, NULL, NULL, NULL, NULL, NULL, '', 0, 0, NULL, '', 0, 0, 0, '74.60', '1200.00', 1, 4, 7, NULL, '', '1970-01-01');

-- --------------------------------------------------------

--
-- Структура таблицы `hm_store_product_attribute_value`
--

CREATE TABLE `hm_store_product_attribute_value` (
  `id` int(11) NOT NULL,
  `product_id` int(11) NOT NULL,
  `attribute_id` int(11) NOT NULL,
  `number_value` double DEFAULT NULL,
  `string_value` varchar(250) DEFAULT NULL,
  `text_value` text,
  `option_value` int(11) DEFAULT NULL,
  `create_time` datetime DEFAULT NULL
) ENGINE=InnoDB DEFAULT CHARSET=utf8;

--
-- Дамп данных таблицы `hm_store_product_attribute_value`
--

INSERT INTO `hm_store_product_attribute_value` (`id`, `product_id`, `attribute_id`, `number_value`, `string_value`, `text_value`, `option_value`, `create_time`) VALUES
(306, 2, 2, NULL, NULL, NULL, 7, NULL),
(307, 2, 16, NULL, NULL, NULL, 26, NULL),
(308, 2, 21, NULL, NULL, NULL, NULL, NULL),
(309, 2, 24, NULL, NULL, NULL, NULL, NULL),
(310, 2, 14, NULL, NULL, NULL, NULL, NULL),
(311, 2, 15, NULL, NULL, NULL, NULL, NULL),
(312, 2, 25, NULL, NULL, NULL, NULL, NULL),
(313, 2, 4, NULL, '', NULL, NULL, NULL),
(314, 2, 5, NULL, '', NULL, NULL, NULL),
(315, 2, 6, NULL, '', NULL, NULL, NULL),
(316, 2, 10, NULL, '', NULL, NULL, NULL),
(317, 2, 7, NULL, '', NULL, NULL, NULL),
(318, 2, 8, NULL, '', NULL, NULL, NULL),
(319, 2, 9, NULL, '', NULL, NULL, NULL),
(320, 3, 2, NULL, NULL, NULL, 68, NULL),
(321, 3, 16, NULL, NULL, NULL, 24, NULL),
(322, 3, 21, NULL, NULL, NULL, NULL, NULL),
(323, 3, 24, NULL, NULL, NULL, NULL, NULL),
(324, 3, 14, NULL, NULL, NULL, NULL, NULL),
(325, 3, 15, NULL, NULL, NULL, NULL, NULL),
(326, 3, 25, NULL, NULL, NULL, NULL, NULL),
(327, 3, 4, NULL, '', NULL, NULL, NULL),
(328, 3, 5, NULL, '', NULL, NULL, NULL),
(329, 3, 6, NULL, '', NULL, NULL, NULL),
(330, 3, 10, NULL, '', NULL, NULL, NULL),
(331, 3, 7, NULL, '', NULL, NULL, NULL),
(332, 3, 8, NULL, '', NULL, NULL, NULL),
(333, 3, 9, NULL, '', NULL, NULL, NULL),
(376, 6, 2, NULL, NULL, NULL, 70, NULL),
(377, 6, 17, NULL, NULL, NULL, 28, NULL),
(378, 6, 17, NULL, NULL, NULL, 29, NULL),
(379, 6, 17, NULL, NULL, NULL, 27, NULL),
(380, 6, 16, NULL, NULL, NULL, 24, NULL),
(381, 6, 19, NULL, NULL, NULL, 35, NULL),
(382, 6, 19, NULL, NULL, NULL, 33, NULL),
(383, 6, 19, NULL, NULL, NULL, 34, NULL),
(384, 6, 19, NULL, NULL, NULL, 36, NULL),
(385, 6, 13, NULL, NULL, NULL, 40, NULL),
(386, 6, 13, NULL, NULL, NULL, 39, NULL),
(387, 6, 21, NULL, NULL, NULL, NULL, NULL),
(388, 6, 24, NULL, NULL, NULL, NULL, NULL),
(389, 6, 14, NULL, NULL, NULL, NULL, NULL),
(390, 6, 15, NULL, NULL, NULL, NULL, NULL),
(391, 6, 25, NULL, NULL, NULL, NULL, NULL),
(392, 6, 4, NULL, '', NULL, NULL, NULL),
(393, 6, 5, NULL, '', NULL, NULL, NULL),
(394, 6, 6, NULL, '', NULL, NULL, NULL),
(395, 6, 10, NULL, '', NULL, NULL, NULL),
(396, 6, 7, NULL, '', NULL, NULL, NULL),
(397, 6, 8, NULL, '', NULL, NULL, NULL),
(398, 6, 9, NULL, '', NULL, NULL, NULL),
(399, 4, 2, NULL, NULL, NULL, 7, NULL),
(400, 4, 16, NULL, NULL, NULL, 26, NULL),
(401, 4, 21, NULL, NULL, NULL, NULL, NULL),
(402, 4, 24, NULL, NULL, NULL, NULL, NULL),
(403, 4, 14, NULL, NULL, NULL, NULL, NULL),
(404, 4, 15, NULL, NULL, NULL, NULL, NULL),
(405, 4, 25, NULL, NULL, NULL, NULL, NULL),
(406, 4, 4, NULL, '', NULL, NULL, NULL),
(407, 4, 5, NULL, '', NULL, NULL, NULL),
(408, 4, 6, NULL, '', NULL, NULL, NULL),
(409, 4, 10, NULL, '', NULL, NULL, NULL),
(410, 4, 7, NULL, '', NULL, NULL, NULL),
(411, 4, 8, NULL, '', NULL, NULL, NULL),
(412, 4, 9, NULL, '', NULL, NULL, NULL),
(413, 1, 2, NULL, NULL, NULL, 7, NULL),
(414, 1, 17, NULL, NULL, NULL, 28, NULL),
(415, 1, 17, NULL, NULL, NULL, 29, NULL),
(416, 1, 16, NULL, NULL, NULL, 24, NULL),
(417, 1, 18, NULL, NULL, NULL, 30, NULL),
(418, 1, 19, NULL, NULL, NULL, 35, NULL),
(419, 1, 19, NULL, NULL, NULL, 33, NULL),
(420, 1, 19, NULL, NULL, NULL, 34, NULL),
(421, 1, 13, NULL, NULL, NULL, 41, NULL),
(422, 1, 13, NULL, NULL, NULL, 39, NULL),
(423, 1, 20, NULL, NULL, NULL, 42, NULL),
(424, 1, 21, NULL, NULL, NULL, 45, NULL),
(425, 1, 22, NULL, NULL, NULL, 48, NULL),
(426, 1, 22, NULL, NULL, NULL, 47, NULL),
(427, 1, 23, NULL, NULL, NULL, 51, NULL),
(428, 1, 23, NULL, NULL, NULL, 54, NULL),
(429, 1, 24, NULL, NULL, NULL, 55, NULL),
(430, 1, 14, NULL, NULL, NULL, 18, NULL),
(431, 1, 15, NULL, NULL, NULL, 21, NULL),
(432, 1, 3, NULL, NULL, NULL, 9, NULL),
(433, 1, 3, NULL, NULL, NULL, 8, NULL),
(434, 1, 25, NULL, NULL, NULL, 58, NULL),
(435, 1, 26, NULL, NULL, NULL, 60, NULL),
(436, 1, 4, NULL, '26', NULL, NULL, NULL),
(437, 1, 5, NULL, '28', NULL, NULL, NULL),
(438, 1, 6, NULL, '24', NULL, NULL, NULL),
(439, 1, 10, NULL, '', NULL, NULL, NULL),
(440, 1, 7, NULL, '12', NULL, NULL, NULL),
(441, 1, 8, NULL, '6', NULL, NULL, NULL),
(442, 1, 9, NULL, '9', NULL, NULL, NULL),
(443, 1, 1, NULL, NULL, NULL, 63, NULL),
(444, 1, 1, NULL, NULL, NULL, 64, NULL),
(445, 1, 1, NULL, NULL, NULL, 66, NULL),
(446, 1, 1, NULL, NULL, NULL, 65, NULL);

-- --------------------------------------------------------

--
-- Структура таблицы `hm_store_product_category`
--

CREATE TABLE `hm_store_product_category` (
  `id` int(11) NOT NULL,
  `product_id` int(11) DEFAULT NULL,
  `category_id` int(11) DEFAULT NULL
) ENGINE=InnoDB DEFAULT CHARSET=utf8;

-- --------------------------------------------------------

--
-- Структура таблицы `hm_store_product_groups`
--

CREATE TABLE `hm_store_product_groups` (
  `id` int(11) NOT NULL,
  `name` varchar(250) NOT NULL,
  `slug` varchar(150) NOT NULL,
  `title` varchar(250) NOT NULL,
  `description` text,
  `description_bottom` text,
  `meta_title` varchar(250) DEFAULT NULL,
  `meta_keywords` varchar(250) DEFAULT NULL,
  `meta_description` varchar(250) DEFAULT NULL,
  `status` tinyint(4) NOT NULL DEFAULT '1',
  `sort` int(11) NOT NULL DEFAULT '0',
  `category_id` int(11) DEFAULT NULL,
  `options` text,
  `show_after_filter` tinyint(1) NOT NULL DEFAULT '0',
  `show_after_filter_group` tinyint(1) NOT NULL DEFAULT '0',
  `use_category_url` tinyint(1) DEFAULT '1'
) ENGINE=InnoDB DEFAULT CHARSET=utf8;

-- --------------------------------------------------------

--
-- Структура таблицы `hm_store_product_image`
--

CREATE TABLE `hm_store_product_image` (
  `id` int(11) NOT NULL,
  `product_id` int(11) NOT NULL,
  `name` varchar(250) NOT NULL,
  `title` varchar(250) DEFAULT NULL,
  `alt` varchar(255) DEFAULT NULL,
  `group_id` int(11) DEFAULT NULL,
  `position` int(11) DEFAULT '0'
) ENGINE=InnoDB DEFAULT CHARSET=utf8;

--
-- Дамп данных таблицы `hm_store_product_image`
--

INSERT INTO `hm_store_product_image` (`id`, `product_id`, `name`, `title`, `alt`, `group_id`, `position`) VALUES
(1, 1, '0-20bf26-54322fd0-orig.jpg', '', '0-20bf26-54322fd0-orig.jpg', NULL, 1),
(2, 1, '0-2175c6-66461949-orig.png', '', '0-2175c6-66461949-orig.png', NULL, 2),
(3, 1, '0-2175c0-825f2f4-orig.jpg', '', '0-2175c0-825f2f4-orig.jpg', NULL, 3),
(4, 1, '2-03.jpg', '', '2-03.jpg', NULL, 4),
(5, 1, '08s.jpg', '', '08s.jpg', NULL, 5),
(6, 1, '1477130547.jpg', '', '1477130547.jpg', NULL, 6),
(7, 1, '1477131443.jpg', '', '1477131443.jpg', NULL, 7);

-- --------------------------------------------------------

--
-- Структура таблицы `hm_store_product_image_group`
--

CREATE TABLE `hm_store_product_image_group` (
  `id` int(11) NOT NULL,
  `name` varchar(255) DEFAULT NULL
) ENGINE=InnoDB DEFAULT CHARSET=utf8;

-- --------------------------------------------------------

--
-- Структура таблицы `hm_store_product_link`
--

CREATE TABLE `hm_store_product_link` (
  `id` int(11) NOT NULL,
  `type_id` int(11) DEFAULT NULL,
  `product_id` int(11) NOT NULL,
  `linked_product_id` int(11) NOT NULL,
  `position` int(11) NOT NULL DEFAULT '1'
) ENGINE=InnoDB DEFAULT CHARSET=utf8;

-- --------------------------------------------------------

--
-- Структура таблицы `hm_store_product_link_type`
--

CREATE TABLE `hm_store_product_link_type` (
  `id` int(11) NOT NULL,
  `code` varchar(255) NOT NULL,
  `title` varchar(255) NOT NULL
) ENGINE=InnoDB DEFAULT CHARSET=utf8;

--
-- Дамп данных таблицы `hm_store_product_link_type`
--

INSERT INTO `hm_store_product_link_type` (`id`, `code`, `title`) VALUES
(1, 'similar', 'Похожие');

-- --------------------------------------------------------

--
-- Структура таблицы `hm_store_product_tabs`
--

CREATE TABLE `hm_store_product_tabs` (
  `id` int(11) NOT NULL,
  `product_id` int(11) DEFAULT NULL,
  `key` varchar(100) DEFAULT NULL,
  `content` text
) ENGINE=InnoDB DEFAULT CHARSET=utf8;

-- --------------------------------------------------------

--
-- Структура таблицы `hm_store_product_variant`
--

CREATE TABLE `hm_store_product_variant` (
  `id` int(11) NOT NULL,
  `product_id` int(11) NOT NULL,
  `attribute_id` int(11) NOT NULL,
  `attribute_value` int(11) DEFAULT NULL,
  `amount` float DEFAULT NULL,
  `type` tinyint(4) NOT NULL,
  `sku` varchar(50) DEFAULT NULL,
  `position` int(11) NOT NULL DEFAULT '1',
  `extra_charge` int(3) DEFAULT NULL,
  `purchase_price` int(3) DEFAULT NULL,
  `in_stock` int(1) DEFAULT '1',
  `quantity` int(11) DEFAULT NULL,
  `discount` int(3) DEFAULT NULL,
  `image_id` int(11) DEFAULT NULL,
  `discount_price` float DEFAULT NULL,
  `external_id` varchar(100) DEFAULT NULL
) ENGINE=InnoDB DEFAULT CHARSET=utf8;

-- --------------------------------------------------------

--
-- Структура таблицы `hm_store_provider`
--

CREATE TABLE `hm_store_provider` (
  `id` int(11) NOT NULL,
  `name` varchar(250) NOT NULL,
  `description` text,
  `status` int(11) NOT NULL DEFAULT '1',
  `sort` int(11) NOT NULL DEFAULT '0',
  `create_time` datetime NOT NULL,
  `update_time` datetime NOT NULL,
  `extra_charge` int(3) DEFAULT NULL
) ENGINE=InnoDB DEFAULT CHARSET=utf8;

-- --------------------------------------------------------

--
-- Структура таблицы `hm_store_stock`
--

CREATE TABLE `hm_store_stock` (
  `id` int(11) NOT NULL,
  `name` varchar(250) NOT NULL,
  `slug` varchar(150) NOT NULL,
  `title` varchar(250) NOT NULL,
  `description` text,
  `description_bottom` text,
  `meta_title` varchar(250) DEFAULT NULL,
  `meta_keywords` varchar(250) DEFAULT NULL,
  `meta_description` varchar(250) DEFAULT NULL,
  `status` tinyint(4) NOT NULL DEFAULT '1',
  `sort` int(11) NOT NULL DEFAULT '0',
  `date_start` date NOT NULL,
  `date_end` date NOT NULL,
  `ids` text,
  `yandex_type` tinyint(1) DEFAULT NULL,
  `text_on_yandex` text,
  `condition` text
) ENGINE=InnoDB DEFAULT CHARSET=utf8;

-- --------------------------------------------------------

--
-- Структура таблицы `hm_store_type`
--

CREATE TABLE `hm_store_type` (
  `id` int(11) NOT NULL,
  `name` varchar(255) NOT NULL
) ENGINE=InnoDB DEFAULT CHARSET=utf8;

--
-- Дамп данных таблицы `hm_store_type`
--

INSERT INTO `hm_store_type` (`id`, `name`) VALUES
(1, 'Дома');

-- --------------------------------------------------------

--
-- Структура таблицы `hm_store_type_attribute`
--

CREATE TABLE `hm_store_type_attribute` (
  `type_id` int(11) NOT NULL,
  `attribute_id` int(11) NOT NULL
) ENGINE=InnoDB DEFAULT CHARSET=utf8;

--
-- Дамп данных таблицы `hm_store_type_attribute`
--

INSERT INTO `hm_store_type_attribute` (`type_id`, `attribute_id`) VALUES
(1, 1),
(1, 2),
(1, 3),
(1, 4),
(1, 5),
(1, 6),
(1, 7),
(1, 8),
(1, 9),
(1, 10),
(1, 13),
(1, 14),
(1, 15),
(1, 16),
(1, 17),
(1, 18),
(1, 19),
(1, 20),
(1, 21),
(1, 22),
(1, 23),
(1, 24),
(1, 25),
(1, 26);

-- --------------------------------------------------------

--
-- Структура таблицы `hm_user_tokens`
--

CREATE TABLE `hm_user_tokens` (
  `id` int(11) NOT NULL,
  `user_id` int(11) NOT NULL,
  `token` varchar(255) DEFAULT NULL,
  `type` int(11) NOT NULL,
  `status` int(11) DEFAULT NULL,
  `create_time` datetime NOT NULL,
  `update_time` datetime DEFAULT NULL,
  `ip` varchar(255) DEFAULT NULL,
  `expire_time` datetime NOT NULL
) ENGINE=InnoDB DEFAULT CHARSET=utf8;

--
-- Дамп данных таблицы `hm_user_tokens`
--

INSERT INTO `hm_user_tokens` (`id`, `user_id`, `token`, `type`, `status`, `create_time`, `update_time`, `ip`, `expire_time`) VALUES
(7, 1, '_fgRYdvE25v~SA~azoO6afjVrKbP3AKp', 4, 0, '2020-04-18 13:41:51', '2020-04-18 13:41:51', '127.0.0.1', '2020-04-25 13:41:51');

-- --------------------------------------------------------

--
-- Структура таблицы `hm_user_user`
--

CREATE TABLE `hm_user_user` (
  `id` int(11) NOT NULL,
  `update_time` datetime NOT NULL,
  `first_name` varchar(250) DEFAULT NULL,
  `middle_name` varchar(250) DEFAULT NULL,
  `last_name` varchar(250) DEFAULT NULL,
  `nick_name` varchar(250) NOT NULL,
  `email` varchar(250) NOT NULL,
  `gender` tinyint(1) NOT NULL DEFAULT '0',
  `birth_date` date DEFAULT NULL,
  `site` varchar(250) NOT NULL DEFAULT '',
  `about` varchar(250) NOT NULL DEFAULT '',
  `location` varchar(250) NOT NULL DEFAULT '',
  `status` int(11) NOT NULL DEFAULT '2',
  `access_level` int(11) NOT NULL DEFAULT '0',
  `visit_time` datetime DEFAULT NULL,
  `create_time` datetime NOT NULL,
  `avatar` varchar(150) DEFAULT NULL,
  `hash` varchar(255) NOT NULL DEFAULT '9fc13f010847f466eb5920e5e74052940.19330300 1582981369',
  `email_confirm` tinyint(1) NOT NULL DEFAULT '0',
  `phone` char(30) DEFAULT NULL,
  `news_subscribe` tinyint(1) DEFAULT '1',
  `discount` tinyint(3) DEFAULT '0'
) ENGINE=InnoDB DEFAULT CHARSET=utf8;

--
-- Дамп данных таблицы `hm_user_user`
--

INSERT INTO `hm_user_user` (`id`, `update_time`, `first_name`, `middle_name`, `last_name`, `nick_name`, `email`, `gender`, `birth_date`, `site`, `about`, `location`, `status`, `access_level`, `visit_time`, `create_time`, `avatar`, `hash`, `email_confirm`, `phone`, `news_subscribe`, `discount`) VALUES
(1, '2020-02-29 18:05:32', '', '', '', 'admin', 'admin@admin.ru', 0, NULL, '', '', '', 1, 1, '2020-04-18 13:41:51', '2020-02-29 18:05:32', NULL, '$2y$13$luz5SCc.sMADOtugWWmEp.wewQrwvBmp58FpUZ/.9fQHzlsEl3HDK', 1, NULL, 1, 0);

-- --------------------------------------------------------

--
-- Структура таблицы `hm_video_gallery`
--

CREATE TABLE `hm_video_gallery` (
  `id` int(11) NOT NULL,
  `name` varchar(255) NOT NULL,
  `description` varchar(255) NOT NULL,
  `status` int(11) NOT NULL DEFAULT '1',
  `image` varchar(255) DEFAULT NULL,
  `position` int(11) DEFAULT '0'
) ENGINE=InnoDB DEFAULT CHARSET=utf8;

--
-- Дамп данных таблицы `hm_video_gallery`
--

INSERT INTO `hm_video_gallery` (`id`, `name`, `description`, `status`, `image`, `position`) VALUES
(1, 'Отзывы', '', 1, NULL, 1);

-- --------------------------------------------------------

--
-- Структура таблицы `hm_video_item`
--

CREATE TABLE `hm_video_item` (
  `id` int(11) NOT NULL,
  `gallery_id` int(11) NOT NULL,
  `title` varchar(150) NOT NULL,
  `code` text,
  `sort` int(11) NOT NULL DEFAULT '1',
  `status` int(11) NOT NULL DEFAULT '1'
) ENGINE=InnoDB DEFAULT CHARSET=utf8;

--
-- Дамп данных таблицы `hm_video_item`
--

INSERT INTO `hm_video_item` (`id`, `gallery_id`, `title`, `code`, `sort`, `status`) VALUES
(1, 1, 'Отзыв 1', '<iframe width=\"727\" height=\"409\" src=\"https://www.youtube.com/embed/awk_9fBHGAM\" frameborder=\"0\" allow=\"accelerometer; autoplay; encrypted-media; gyroscope; picture-in-picture\" allowfullscreen></iframe>', 1, 1),
(2, 1, 'Отзыв 2', '<iframe width=\"727\" height=\"409\" src=\"https://www.youtube.com/embed/awk_9fBHGAM\" frameborder=\"0\" allow=\"accelerometer; autoplay; encrypted-media; gyroscope; picture-in-picture\" allowfullscreen></iframe>', 2, 1);

-- --------------------------------------------------------

--
-- Структура таблицы `hm_webforma_cron_schedule`
--

CREATE TABLE `hm_webforma_cron_schedule` (
  `id` int(11) NOT NULL,
  `module_id` varchar(100) NOT NULL,
  `task_id` varchar(100) NOT NULL,
  `frequency` int(3) NOT NULL,
  `last_run` datetime NOT NULL
) ENGINE=InnoDB DEFAULT CHARSET=utf8;

-- --------------------------------------------------------

--
-- Структура таблицы `hm_webforma_settings`
--

CREATE TABLE `hm_webforma_settings` (
  `id` int(11) NOT NULL,
  `module_id` varchar(100) NOT NULL,
  `param_name` varchar(100) NOT NULL,
  `param_value` text,
  `create_time` datetime NOT NULL,
  `update_time` datetime NOT NULL,
  `user_id` int(11) DEFAULT NULL,
  `type` int(11) NOT NULL DEFAULT '1'
) ENGINE=InnoDB DEFAULT CHARSET=utf8;

--
-- Дамп данных таблицы `hm_webforma_settings`
--

INSERT INTO `hm_webforma_settings` (`id`, `module_id`, `param_name`, `param_value`, `create_time`, `update_time`, `user_id`, `type`) VALUES
(1, 'webforma', 'siteDescription', '', '2020-02-29 18:06:16', '2020-02-29 18:06:16', 1, 1),
(2, 'webforma', 'siteName', 'HOUSE MARKET', '2020-02-29 18:06:16', '2020-02-29 18:06:16', 1, 1),
(3, 'webforma', 'siteKeyWords', '', '2020-02-29 18:06:16', '2020-02-29 18:06:16', 1, 1),
(4, 'webforma', 'email', 'admin@admin.ru', '2020-02-29 18:06:16', '2020-02-29 18:06:16', 1, 1),
(5, 'webforma', 'theme', 'wf-default', '2020-02-29 18:06:16', '2020-02-29 18:06:16', 1, 1),
(6, 'store', 'itemsPerPage', '10', '2020-04-14 19:41:14', '2020-04-14 19:45:04', 1, 1),
(7, 'store', 'title', '', '2020-04-14 19:41:14', '2020-04-14 19:41:14', 1, 1),
(8, 'store', 'minCost', '0', '2020-04-14 19:41:14', '2020-04-14 19:41:14', 1, 1),
(9, 'store', 'defaultSort', 'position', '2020-04-14 19:41:14', '2020-04-14 19:41:14', 1, 1),
(10, 'store', 'defaultSortDirection', 'ASC', '2020-04-14 19:41:14', '2020-04-14 19:41:14', 1, 1),
(11, 'store', 'roundPrice', '0', '2020-04-14 19:41:14', '2020-04-14 19:41:14', 1, 1),
(12, 'store', 'shopTitle', '', '2020-04-14 19:41:14', '2020-04-14 19:41:14', 1, 1),
(13, 'store', 'storeTopPageText', '', '2020-04-14 19:41:14', '2020-04-14 19:41:14', 1, 1),
(14, 'store', 'storePageText', '', '2020-04-14 19:41:14', '2020-04-14 19:41:14', 1, 1),
(15, 'store', 'shopRequisites', '', '2020-04-14 19:41:14', '2020-04-14 19:41:14', 1, 1),
(16, 'store', 'notProductIndexDescription', '0', '2020-04-14 19:41:14', '2020-04-14 19:41:14', 1, 1),
(17, 'store', 'showProductsSubCats', '1', '2020-04-14 19:41:14', '2020-04-14 19:41:14', 1, 1),
(18, 'store', 'metaTitle', '', '2020-04-14 19:41:14', '2020-04-14 19:41:14', 1, 1),
(19, 'store', 'metaDescription', '', '2020-04-14 19:41:14', '2020-04-14 19:41:14', 1, 1),
(20, 'store', 'metaKeyWords', '', '2020-04-14 19:41:14', '2020-04-14 19:41:14', 1, 1),
(21, 'store', 'metaCategoryTitle', '', '2020-04-14 19:41:14', '2020-04-14 19:41:14', 1, 1),
(22, 'store', 'metaCategoryDescription', '', '2020-04-14 19:41:14', '2020-04-14 19:41:14', 1, 1),
(23, 'store', 'metaCategoryKeyWords', '', '2020-04-14 19:41:14', '2020-04-14 19:41:14', 1, 1),
(24, 'store', 'metaProductH1', '', '2020-04-14 19:41:14', '2020-04-14 19:41:14', 1, 1),
(25, 'store', 'metaProductTitle', '', '2020-04-14 19:41:14', '2020-04-14 19:41:14', 1, 1),
(26, 'store', 'metaProductDescription', '', '2020-04-14 19:41:14', '2020-04-14 19:41:14', 1, 1),
(27, 'store', 'metaProductKeyWords', '', '2020-04-14 19:41:14', '2020-04-14 19:41:14', 1, 1),
(28, 'store', 'producerUrl', '', '2020-04-14 19:41:14', '2020-04-14 19:41:14', 1, 1),
(29, 'store', 'metaProducerH1', '', '2020-04-14 19:41:14', '2020-04-14 19:41:14', 1, 1),
(30, 'store', 'metaProducerTitle', '', '2020-04-14 19:41:14', '2020-04-14 19:41:14', 1, 1),
(31, 'store', 'metaProducerDescription', '', '2020-04-14 19:41:14', '2020-04-14 19:41:14', 1, 1),
(32, 'store', 'metaProducerKeyWords', '', '2020-04-14 19:41:14', '2020-04-14 19:41:14', 1, 1),
(33, 'store', 'producerPageText', '', '2020-04-14 19:41:14', '2020-04-14 19:41:14', 1, 1),
(34, 'store', 'metaProducerItemH1', '', '2020-04-14 19:41:14', '2020-04-14 19:41:14', 1, 1),
(35, 'store', 'metaProducerItemTitle', '', '2020-04-14 19:41:14', '2020-04-14 19:41:14', 1, 1),
(36, 'store', 'metaProducerItemDescription', '', '2020-04-14 19:41:14', '2020-04-14 19:41:14', 1, 1),
(37, 'store', 'metaProducerItemKeyWords', '', '2020-04-14 19:41:14', '2020-04-14 19:41:14', 1, 1),
(38, 'store', 'productSpecialType', '1', '2020-04-14 19:41:14', '2020-04-14 19:41:14', 1, 1),
(39, 'store', 'productSpecialUrl', '', '2020-04-14 19:41:14', '2020-04-14 19:41:14', 1, 1),
(40, 'store', 'metaSpecialTitle', '', '2020-04-14 19:41:14', '2020-04-14 19:41:14', 1, 1),
(41, 'store', 'metaSpecialDescription', '', '2020-04-14 19:41:14', '2020-04-14 19:41:14', 1, 1),
(42, 'store', 'metaSpecialKeywords', '', '2020-04-14 19:41:14', '2020-04-14 19:41:14', 1, 1),
(43, 'store', 'productNewType', '1', '2020-04-14 19:41:14', '2020-04-14 19:41:14', 1, 1),
(44, 'store', 'productNewUrl', '', '2020-04-14 19:41:14', '2020-04-14 19:41:14', 1, 1),
(45, 'store', 'metaNewTitle', '', '2020-04-14 19:41:14', '2020-04-14 19:41:14', 1, 1),
(46, 'store', 'metaNewDescription', '', '2020-04-14 19:41:14', '2020-04-14 19:41:14', 1, 1),
(47, 'store', 'metaNewKeywords', '', '2020-04-14 19:41:14', '2020-04-14 19:41:14', 1, 1),
(48, 'store', 'zeroPriceTitle', '', '2020-04-14 19:41:14', '2020-04-14 19:41:14', 1, 1),
(49, 'store', 'viewType', 'block', '2020-04-14 19:41:14', '2020-04-14 19:41:14', 1, 1),
(50, 'store', 'showSimilar', '1', '2020-04-14 19:41:14', '2020-04-14 19:41:14', 1, 1),
(51, 'store', 'similarTitle', '', '2020-04-14 19:41:14', '2020-04-14 19:41:14', 1, 1),
(52, 'store', 'similarCount', '10', '2020-04-14 19:41:14', '2020-04-14 19:41:14', 1, 1);

--
-- Индексы сохранённых таблиц
--

--
-- Индексы таблицы `hm_articles`
--
ALTER TABLE `hm_articles`
  ADD PRIMARY KEY (`id`),
  ADD KEY `ix_hm_articles_status` (`status`),
  ADD KEY `ix_hm_articles_user_id` (`user_id`),
  ADD KEY `fk_hm_articles_category_id` (`category_id`);

--
-- Индексы таблицы `hm_articles_tag`
--
ALTER TABLE `hm_articles_tag`
  ADD PRIMARY KEY (`id`),
  ADD UNIQUE KEY `ux_hm_articles_tag_tag_name` (`name`);

--
-- Индексы таблицы `hm_articles_to_tag`
--
ALTER TABLE `hm_articles_to_tag`
  ADD PRIMARY KEY (`article_id`,`tag_id`),
  ADD KEY `ix_hm_articles_to_tag_article_id` (`article_id`),
  ADD KEY `ix_hm_articles_to_tag_tag_id` (`tag_id`);

--
-- Индексы таблицы `hm_callback`
--
ALTER TABLE `hm_callback`
  ADD PRIMARY KEY (`id`);

--
-- Индексы таблицы `hm_category_category`
--
ALTER TABLE `hm_category_category`
  ADD PRIMARY KEY (`id`),
  ADD KEY `ix_hm_category_category_parent_id` (`parent_id`),
  ADD KEY `ix_hm_category_category_status` (`status`);

--
-- Индексы таблицы `hm_contentblock_content_block`
--
ALTER TABLE `hm_contentblock_content_block`
  ADD PRIMARY KEY (`id`),
  ADD UNIQUE KEY `ux_hm_contentblock_content_block_code` (`code`),
  ADD KEY `ix_hm_contentblock_content_block_type` (`type`),
  ADD KEY `fk_hm_contentblock_content_block_category_id` (`category_id`),
  ADD KEY `ix_hm_contentblock_content_block_status` (`status`);

--
-- Индексы таблицы `hm_dictionary_data`
--
ALTER TABLE `hm_dictionary_data`
  ADD PRIMARY KEY (`id`),
  ADD KEY `ix_hm_dictionary_data_group_id` (`group_id`),
  ADD KEY `ix_hm_dictionary_data_create_user_id` (`create_user_id`),
  ADD KEY `ix_hm_dictionary_data_status` (`status`),
  ADD KEY `ix_hm_dictionary_data_position` (`position`);

--
-- Индексы таблицы `hm_dictionary_group`
--
ALTER TABLE `hm_dictionary_group`
  ADD PRIMARY KEY (`id`),
  ADD UNIQUE KEY `ux_hm_dictionary_group_code` (`code`),
  ADD KEY `ix_hm_dictionary_group_create_user_id` (`create_user_id`);

--
-- Индексы таблицы `hm_feedback_feedback`
--
ALTER TABLE `hm_feedback_feedback`
  ADD PRIMARY KEY (`id`),
  ADD KEY `ix_hm_feedback_feedback_category` (`category_id`),
  ADD KEY `ix_hm_feedback_feedback_status` (`status`),
  ADD KEY `ix_hm_feedback_feedback_answer_user` (`answer_user`);

--
-- Индексы таблицы `hm_help`
--
ALTER TABLE `hm_help`
  ADD PRIMARY KEY (`id`),
  ADD KEY `ix_hm_help_status` (`status`),
  ADD KEY `ix_hm_help_user_id` (`user_id`),
  ADD KEY `ix_hm_help_order` (`order`);

--
-- Индексы таблицы `hm_mail_template`
--
ALTER TABLE `hm_mail_template`
  ADD PRIMARY KEY (`id`),
  ADD UNIQUE KEY `ux_hm_mail_template_code` (`code`);

--
-- Индексы таблицы `hm_menu_menu`
--
ALTER TABLE `hm_menu_menu`
  ADD PRIMARY KEY (`id`),
  ADD UNIQUE KEY `ux_hm_menu_menu_code` (`code`),
  ADD KEY `ix_hm_menu_menu_status` (`status`);

--
-- Индексы таблицы `hm_menu_menu_item`
--
ALTER TABLE `hm_menu_menu_item`
  ADD PRIMARY KEY (`id`),
  ADD KEY `ix_hm_menu_menu_item_menu_id` (`menu_id`),
  ADD KEY `ix_hm_menu_menu_item_sort` (`sort`),
  ADD KEY `ix_hm_menu_menu_item_status` (`status`);

--
-- Индексы таблицы `hm_migrations`
--
ALTER TABLE `hm_migrations`
  ADD PRIMARY KEY (`id`),
  ADD KEY `idx_migrations_module` (`module`);

--
-- Индексы таблицы `hm_notify_settings`
--
ALTER TABLE `hm_notify_settings`
  ADD PRIMARY KEY (`id`),
  ADD KEY `ix_hm_notify_settings_user_id` (`user_id`);

--
-- Индексы таблицы `hm_page_page`
--
ALTER TABLE `hm_page_page`
  ADD PRIMARY KEY (`id`),
  ADD KEY `ix_hm_page_page_status` (`status`),
  ADD KEY `ix_hm_page_page_is_protected` (`is_protected`),
  ADD KEY `ix_hm_page_page_user_id` (`user_id`),
  ADD KEY `ix_hm_page_page_change_user_id` (`change_user_id`),
  ADD KEY `ix_hm_page_page_menu_order` (`order`),
  ADD KEY `ix_hm_page_page_category_id` (`category_id`);

--
-- Индексы таблицы `hm_redirect`
--
ALTER TABLE `hm_redirect`
  ADD PRIMARY KEY (`id`);

--
-- Индексы таблицы `hm_review`
--
ALTER TABLE `hm_review`
  ADD PRIMARY KEY (`id`),
  ADD KEY `ix_hm_review_status` (`status`),
  ADD KEY `ix_hm_review_user_id` (`user_id`),
  ADD KEY `ix_hm_review_parent_id` (`parent_id`),
  ADD KEY `fk_hm_review_producer_id` (`producer_id`);

--
-- Индексы таблицы `hm_sitemap_page`
--
ALTER TABLE `hm_sitemap_page`
  ADD PRIMARY KEY (`id`),
  ADD UNIQUE KEY `ux_hm_sitemap_page_url` (`url`);

--
-- Индексы таблицы `hm_store_attribute`
--
ALTER TABLE `hm_store_attribute`
  ADD PRIMARY KEY (`id`),
  ADD UNIQUE KEY `ux_hm_store_attribute_name_group` (`name`,`group_id`),
  ADD KEY `ix_hm_store_attribute_title` (`title`),
  ADD KEY `fk_hm_store_attribute_group` (`group_id`);

--
-- Индексы таблицы `hm_store_attribute_group`
--
ALTER TABLE `hm_store_attribute_group`
  ADD PRIMARY KEY (`id`);

--
-- Индексы таблицы `hm_store_attribute_option`
--
ALTER TABLE `hm_store_attribute_option`
  ADD PRIMARY KEY (`id`),
  ADD KEY `ix_hm_store_attribute_option_attribute_id` (`attribute_id`),
  ADD KEY `ix_hm_store_attribute_option_position` (`position`);

--
-- Индексы таблицы `hm_store_category`
--
ALTER TABLE `hm_store_category`
  ADD PRIMARY KEY (`id`),
  ADD UNIQUE KEY `ux_hm_store_category_alias` (`slug`),
  ADD KEY `ix_hm_store_category_parent_id` (`parent_id`),
  ADD KEY `ix_hm_store_category_status` (`status`),
  ADD KEY `hm_store_category_external_id_ix` (`external_id`),
  ADD KEY `ux_hm_store_category_groups_alias` (`groups_alias`),
  ADD KEY `ux_hm_store_category_on_main` (`on_main`);

--
-- Индексы таблицы `hm_store_producer`
--
ALTER TABLE `hm_store_producer`
  ADD PRIMARY KEY (`id`),
  ADD KEY `ix_hm_store_producer_slug` (`slug`),
  ADD KEY `ix_hm_store_producer_sort` (`sort`),
  ADD KEY `ix_hm_store_producer_country_id` (`country_id`);

--
-- Индексы таблицы `hm_store_producer_country`
--
ALTER TABLE `hm_store_producer_country`
  ADD PRIMARY KEY (`id`),
  ADD KEY `ix_hm_store_producer_country_slug` (`slug`);

--
-- Индексы таблицы `hm_store_producer_line`
--
ALTER TABLE `hm_store_producer_line`
  ADD PRIMARY KEY (`id`),
  ADD KEY `ix_hm_store_producer_line_slug` (`slug`),
  ADD KEY `ix_hm_store_producer_line_producer_id` (`producer_id`);

--
-- Индексы таблицы `hm_store_product`
--
ALTER TABLE `hm_store_product`
  ADD PRIMARY KEY (`id`),
  ADD UNIQUE KEY `ux_hm_store_product_alias` (`slug`),
  ADD KEY `ix_hm_store_product_status` (`status`),
  ADD KEY `ix_hm_store_product_type_id` (`type_id`),
  ADD KEY `ix_hm_store_product_producer_id` (`producer_id`),
  ADD KEY `ix_hm_store_product_price` (`price`),
  ADD KEY `ix_hm_store_product_discount_price` (`discount_price`),
  ADD KEY `ix_hm_store_product_create_time` (`create_time`),
  ADD KEY `ix_hm_store_product_update_time` (`update_time`),
  ADD KEY `fk_hm_store_product_category` (`category_id`),
  ADD KEY `hm_store_product_external_id_ix` (`external_id`),
  ADD KEY `ix_hm_store_product_sku` (`sku`),
  ADD KEY `ix_hm_store_product_name` (`name`),
  ADD KEY `ix_hm_store_product_position` (`position`),
  ADD KEY `ix_hm_store_product_producer_line_id` (`producer_line_id`),
  ADD KEY `ux_hm_store_product_square` (`square`),
  ADD KEY `fk_hm_store_product_floor_id` (`floor_id`),
  ADD KEY `fk_hm_store_product_done_id` (`done_id`),
  ADD KEY `fk_hm_store_product_place_id` (`place_id`);

--
-- Индексы таблицы `hm_store_product_attribute_value`
--
ALTER TABLE `hm_store_product_attribute_value`
  ADD PRIMARY KEY (`id`),
  ADD KEY `hm_fk_product_attribute_product` (`product_id`),
  ADD KEY `hm_fk_product_attribute_attribute` (`attribute_id`),
  ADD KEY `hm_fk_product_attribute_option` (`option_value`),
  ADD KEY `hm_ix_product_attribute_number_value` (`number_value`),
  ADD KEY `hm_ix_product_attribute_string_value` (`string_value`);

--
-- Индексы таблицы `hm_store_product_category`
--
ALTER TABLE `hm_store_product_category`
  ADD PRIMARY KEY (`id`),
  ADD KEY `ix_hm_store_product_category_product_id` (`product_id`),
  ADD KEY `ix_hm_store_product_category_category_id` (`category_id`);

--
-- Индексы таблицы `hm_store_product_groups`
--
ALTER TABLE `hm_store_product_groups`
  ADD PRIMARY KEY (`id`),
  ADD UNIQUE KEY `ux_hm_store_product_groups_slug` (`slug`),
  ADD KEY `ix_hm_store_product_groups_status` (`status`),
  ADD KEY `fk_hm_store_product_groups_category_id` (`category_id`);

--
-- Индексы таблицы `hm_store_product_image`
--
ALTER TABLE `hm_store_product_image`
  ADD PRIMARY KEY (`id`),
  ADD KEY `fk_hm_store_product_image_product` (`product_id`),
  ADD KEY `fk_hm_store_product_image_group` (`group_id`),
  ADD KEY `ix_hm_store_product_image_position` (`position`);

--
-- Индексы таблицы `hm_store_product_image_group`
--
ALTER TABLE `hm_store_product_image_group`
  ADD PRIMARY KEY (`id`);

--
-- Индексы таблицы `hm_store_product_link`
--
ALTER TABLE `hm_store_product_link`
  ADD PRIMARY KEY (`id`),
  ADD UNIQUE KEY `ux_hm_store_product_link_product` (`type_id`,`product_id`,`linked_product_id`),
  ADD KEY `fk_hm_store_product_link_product` (`product_id`),
  ADD KEY `fk_hm_store_product_link_linked_product` (`linked_product_id`);

--
-- Индексы таблицы `hm_store_product_link_type`
--
ALTER TABLE `hm_store_product_link_type`
  ADD PRIMARY KEY (`id`),
  ADD UNIQUE KEY `ux_hm_store_product_link_type_code` (`code`),
  ADD UNIQUE KEY `ux_hm_store_product_link_type_title` (`title`);

--
-- Индексы таблицы `hm_store_product_tabs`
--
ALTER TABLE `hm_store_product_tabs`
  ADD PRIMARY KEY (`id`),
  ADD UNIQUE KEY `ix_hm_store_product_tabs_key` (`product_id`,`key`);

--
-- Индексы таблицы `hm_store_product_variant`
--
ALTER TABLE `hm_store_product_variant`
  ADD PRIMARY KEY (`id`),
  ADD KEY `idx_hm_store_product_variant_product` (`product_id`),
  ADD KEY `idx_hm_store_product_variant_attribute` (`attribute_id`),
  ADD KEY `idx_hm_store_product_variant_value` (`attribute_value`),
  ADD KEY `fk_hm_store_product_variant_image_id` (`image_id`);

--
-- Индексы таблицы `hm_store_provider`
--
ALTER TABLE `hm_store_provider`
  ADD PRIMARY KEY (`id`);

--
-- Индексы таблицы `hm_store_stock`
--
ALTER TABLE `hm_store_stock`
  ADD PRIMARY KEY (`id`),
  ADD UNIQUE KEY `ux_hm_store_stock_slug` (`slug`),
  ADD KEY `ix_hm_store_stock_status` (`status`);

--
-- Индексы таблицы `hm_store_type`
--
ALTER TABLE `hm_store_type`
  ADD PRIMARY KEY (`id`),
  ADD UNIQUE KEY `ux_hm_store_type_name` (`name`);

--
-- Индексы таблицы `hm_store_type_attribute`
--
ALTER TABLE `hm_store_type_attribute`
  ADD PRIMARY KEY (`type_id`,`attribute_id`),
  ADD KEY `fk_hm_store_type_attribute_attribute` (`attribute_id`);

--
-- Индексы таблицы `hm_user_tokens`
--
ALTER TABLE `hm_user_tokens`
  ADD PRIMARY KEY (`id`),
  ADD KEY `ix_hm_user_tokens_user_id` (`user_id`);

--
-- Индексы таблицы `hm_user_user`
--
ALTER TABLE `hm_user_user`
  ADD PRIMARY KEY (`id`),
  ADD UNIQUE KEY `ux_hm_user_user_nick_name` (`nick_name`),
  ADD UNIQUE KEY `ux_hm_user_user_email` (`email`),
  ADD KEY `ix_hm_user_user_status` (`status`);

--
-- Индексы таблицы `hm_video_gallery`
--
ALTER TABLE `hm_video_gallery`
  ADD PRIMARY KEY (`id`),
  ADD KEY `ix_hm_video_gallery_status` (`status`);

--
-- Индексы таблицы `hm_video_item`
--
ALTER TABLE `hm_video_item`
  ADD PRIMARY KEY (`id`),
  ADD KEY `ix_hm_video_item_gallery_id` (`gallery_id`),
  ADD KEY `ix_hm_video_item_sort` (`sort`),
  ADD KEY `ix_hm_video_item_status` (`status`);

--
-- Индексы таблицы `hm_webforma_cron_schedule`
--
ALTER TABLE `hm_webforma_cron_schedule`
  ADD PRIMARY KEY (`id`),
  ADD KEY `ix_hm_webforma_cron_schedule_module_id` (`module_id`),
  ADD KEY `ix_hm_webforma_cron_schedule_task_id` (`task_id`);

--
-- Индексы таблицы `hm_webforma_settings`
--
ALTER TABLE `hm_webforma_settings`
  ADD PRIMARY KEY (`id`),
  ADD UNIQUE KEY `ux_hm_webforma_settings_module_id_param_name_user_id` (`module_id`,`param_name`,`user_id`),
  ADD KEY `ix_hm_webforma_settings_module_id` (`module_id`),
  ADD KEY `ix_hm_webforma_settings_param_name` (`param_name`),
  ADD KEY `fk_hm_webforma_settings_user_id` (`user_id`);

--
-- AUTO_INCREMENT для сохранённых таблиц
--

--
-- AUTO_INCREMENT для таблицы `hm_articles`
--
ALTER TABLE `hm_articles`
  MODIFY `id` int(11) NOT NULL AUTO_INCREMENT, AUTO_INCREMENT=2;
--
-- AUTO_INCREMENT для таблицы `hm_articles_tag`
--
ALTER TABLE `hm_articles_tag`
  MODIFY `id` int(11) NOT NULL AUTO_INCREMENT;
--
-- AUTO_INCREMENT для таблицы `hm_callback`
--
ALTER TABLE `hm_callback`
  MODIFY `id` int(11) NOT NULL AUTO_INCREMENT;
--
-- AUTO_INCREMENT для таблицы `hm_category_category`
--
ALTER TABLE `hm_category_category`
  MODIFY `id` int(11) NOT NULL AUTO_INCREMENT;
--
-- AUTO_INCREMENT для таблицы `hm_contentblock_content_block`
--
ALTER TABLE `hm_contentblock_content_block`
  MODIFY `id` int(11) NOT NULL AUTO_INCREMENT, AUTO_INCREMENT=5;
--
-- AUTO_INCREMENT для таблицы `hm_dictionary_data`
--
ALTER TABLE `hm_dictionary_data`
  MODIFY `id` int(11) NOT NULL AUTO_INCREMENT, AUTO_INCREMENT=33;
--
-- AUTO_INCREMENT для таблицы `hm_dictionary_group`
--
ALTER TABLE `hm_dictionary_group`
  MODIFY `id` int(11) NOT NULL AUTO_INCREMENT, AUTO_INCREMENT=8;
--
-- AUTO_INCREMENT для таблицы `hm_feedback_feedback`
--
ALTER TABLE `hm_feedback_feedback`
  MODIFY `id` int(11) NOT NULL AUTO_INCREMENT;
--
-- AUTO_INCREMENT для таблицы `hm_help`
--
ALTER TABLE `hm_help`
  MODIFY `id` int(11) NOT NULL AUTO_INCREMENT, AUTO_INCREMENT=50;
--
-- AUTO_INCREMENT для таблицы `hm_mail_template`
--
ALTER TABLE `hm_mail_template`
  MODIFY `id` int(11) NOT NULL AUTO_INCREMENT;
--
-- AUTO_INCREMENT для таблицы `hm_menu_menu`
--
ALTER TABLE `hm_menu_menu`
  MODIFY `id` int(11) NOT NULL AUTO_INCREMENT, AUTO_INCREMENT=3;
--
-- AUTO_INCREMENT для таблицы `hm_menu_menu_item`
--
ALTER TABLE `hm_menu_menu_item`
  MODIFY `id` int(11) NOT NULL AUTO_INCREMENT, AUTO_INCREMENT=14;
--
-- AUTO_INCREMENT для таблицы `hm_migrations`
--
ALTER TABLE `hm_migrations`
  MODIFY `id` int(11) NOT NULL AUTO_INCREMENT, AUTO_INCREMENT=173;
--
-- AUTO_INCREMENT для таблицы `hm_notify_settings`
--
ALTER TABLE `hm_notify_settings`
  MODIFY `id` int(11) NOT NULL AUTO_INCREMENT;
--
-- AUTO_INCREMENT для таблицы `hm_page_page`
--
ALTER TABLE `hm_page_page`
  MODIFY `id` int(11) NOT NULL AUTO_INCREMENT, AUTO_INCREMENT=7;
--
-- AUTO_INCREMENT для таблицы `hm_redirect`
--
ALTER TABLE `hm_redirect`
  MODIFY `id` int(11) NOT NULL AUTO_INCREMENT;
--
-- AUTO_INCREMENT для таблицы `hm_review`
--
ALTER TABLE `hm_review`
  MODIFY `id` int(11) NOT NULL AUTO_INCREMENT, AUTO_INCREMENT=7;
--
-- AUTO_INCREMENT для таблицы `hm_sitemap_page`
--
ALTER TABLE `hm_sitemap_page`
  MODIFY `id` int(11) NOT NULL AUTO_INCREMENT, AUTO_INCREMENT=2;
--
-- AUTO_INCREMENT для таблицы `hm_store_attribute`
--
ALTER TABLE `hm_store_attribute`
  MODIFY `id` int(11) NOT NULL AUTO_INCREMENT, AUTO_INCREMENT=27;
--
-- AUTO_INCREMENT для таблицы `hm_store_attribute_group`
--
ALTER TABLE `hm_store_attribute_group`
  MODIFY `id` int(11) NOT NULL AUTO_INCREMENT, AUTO_INCREMENT=7;
--
-- AUTO_INCREMENT для таблицы `hm_store_attribute_option`
--
ALTER TABLE `hm_store_attribute_option`
  MODIFY `id` int(11) NOT NULL AUTO_INCREMENT, AUTO_INCREMENT=71;
--
-- AUTO_INCREMENT для таблицы `hm_store_category`
--
ALTER TABLE `hm_store_category`
  MODIFY `id` int(11) NOT NULL AUTO_INCREMENT;
--
-- AUTO_INCREMENT для таблицы `hm_store_producer`
--
ALTER TABLE `hm_store_producer`
  MODIFY `id` int(11) NOT NULL AUTO_INCREMENT, AUTO_INCREMENT=2;
--
-- AUTO_INCREMENT для таблицы `hm_store_producer_country`
--
ALTER TABLE `hm_store_producer_country`
  MODIFY `id` int(11) NOT NULL AUTO_INCREMENT;
--
-- AUTO_INCREMENT для таблицы `hm_store_producer_line`
--
ALTER TABLE `hm_store_producer_line`
  MODIFY `id` int(11) NOT NULL AUTO_INCREMENT;
--
-- AUTO_INCREMENT для таблицы `hm_store_product`
--
ALTER TABLE `hm_store_product`
  MODIFY `id` int(11) NOT NULL AUTO_INCREMENT, AUTO_INCREMENT=15;
--
-- AUTO_INCREMENT для таблицы `hm_store_product_attribute_value`
--
ALTER TABLE `hm_store_product_attribute_value`
  MODIFY `id` int(11) NOT NULL AUTO_INCREMENT, AUTO_INCREMENT=447;
--
-- AUTO_INCREMENT для таблицы `hm_store_product_category`
--
ALTER TABLE `hm_store_product_category`
  MODIFY `id` int(11) NOT NULL AUTO_INCREMENT;
--
-- AUTO_INCREMENT для таблицы `hm_store_product_groups`
--
ALTER TABLE `hm_store_product_groups`
  MODIFY `id` int(11) NOT NULL AUTO_INCREMENT;
--
-- AUTO_INCREMENT для таблицы `hm_store_product_image`
--
ALTER TABLE `hm_store_product_image`
  MODIFY `id` int(11) NOT NULL AUTO_INCREMENT, AUTO_INCREMENT=8;
--
-- AUTO_INCREMENT для таблицы `hm_store_product_image_group`
--
ALTER TABLE `hm_store_product_image_group`
  MODIFY `id` int(11) NOT NULL AUTO_INCREMENT;
--
-- AUTO_INCREMENT для таблицы `hm_store_product_link`
--
ALTER TABLE `hm_store_product_link`
  MODIFY `id` int(11) NOT NULL AUTO_INCREMENT;
--
-- AUTO_INCREMENT для таблицы `hm_store_product_link_type`
--
ALTER TABLE `hm_store_product_link_type`
  MODIFY `id` int(11) NOT NULL AUTO_INCREMENT, AUTO_INCREMENT=2;
--
-- AUTO_INCREMENT для таблицы `hm_store_product_tabs`
--
ALTER TABLE `hm_store_product_tabs`
  MODIFY `id` int(11) NOT NULL AUTO_INCREMENT;
--
-- AUTO_INCREMENT для таблицы `hm_store_product_variant`
--
ALTER TABLE `hm_store_product_variant`
  MODIFY `id` int(11) NOT NULL AUTO_INCREMENT;
--
-- AUTO_INCREMENT для таблицы `hm_store_provider`
--
ALTER TABLE `hm_store_provider`
  MODIFY `id` int(11) NOT NULL AUTO_INCREMENT;
--
-- AUTO_INCREMENT для таблицы `hm_store_stock`
--
ALTER TABLE `hm_store_stock`
  MODIFY `id` int(11) NOT NULL AUTO_INCREMENT;
--
-- AUTO_INCREMENT для таблицы `hm_store_type`
--
ALTER TABLE `hm_store_type`
  MODIFY `id` int(11) NOT NULL AUTO_INCREMENT, AUTO_INCREMENT=2;
--
-- AUTO_INCREMENT для таблицы `hm_user_tokens`
--
ALTER TABLE `hm_user_tokens`
  MODIFY `id` int(11) NOT NULL AUTO_INCREMENT, AUTO_INCREMENT=8;
--
-- AUTO_INCREMENT для таблицы `hm_user_user`
--
ALTER TABLE `hm_user_user`
  MODIFY `id` int(11) NOT NULL AUTO_INCREMENT, AUTO_INCREMENT=2;
--
-- AUTO_INCREMENT для таблицы `hm_video_gallery`
--
ALTER TABLE `hm_video_gallery`
  MODIFY `id` int(11) NOT NULL AUTO_INCREMENT, AUTO_INCREMENT=2;
--
-- AUTO_INCREMENT для таблицы `hm_video_item`
--
ALTER TABLE `hm_video_item`
  MODIFY `id` int(11) NOT NULL AUTO_INCREMENT, AUTO_INCREMENT=3;
--
-- AUTO_INCREMENT для таблицы `hm_webforma_cron_schedule`
--
ALTER TABLE `hm_webforma_cron_schedule`
  MODIFY `id` int(11) NOT NULL AUTO_INCREMENT;
--
-- AUTO_INCREMENT для таблицы `hm_webforma_settings`
--
ALTER TABLE `hm_webforma_settings`
  MODIFY `id` int(11) NOT NULL AUTO_INCREMENT, AUTO_INCREMENT=53;
--
-- Ограничения внешнего ключа сохраненных таблиц
--

--
-- Ограничения внешнего ключа таблицы `hm_articles`
--
ALTER TABLE `hm_articles`
  ADD CONSTRAINT `fk_hm_articles_category_id` FOREIGN KEY (`category_id`) REFERENCES `hm_category_category` (`id`) ON DELETE SET NULL ON UPDATE NO ACTION,
  ADD CONSTRAINT `fk_hm_articles_user_id` FOREIGN KEY (`user_id`) REFERENCES `hm_user_user` (`id`) ON DELETE SET NULL ON UPDATE NO ACTION;

--
-- Ограничения внешнего ключа таблицы `hm_articles_to_tag`
--
ALTER TABLE `hm_articles_to_tag`
  ADD CONSTRAINT `fk_hm_articles_to_tag_article_id` FOREIGN KEY (`article_id`) REFERENCES `hm_articles` (`id`) ON DELETE CASCADE ON UPDATE NO ACTION,
  ADD CONSTRAINT `fk_hm_articles_to_tag_tag_id` FOREIGN KEY (`tag_id`) REFERENCES `hm_articles_tag` (`id`) ON DELETE CASCADE ON UPDATE NO ACTION;

--
-- Ограничения внешнего ключа таблицы `hm_category_category`
--
ALTER TABLE `hm_category_category`
  ADD CONSTRAINT `fk_hm_category_category_parent_id` FOREIGN KEY (`parent_id`) REFERENCES `hm_category_category` (`id`) ON DELETE SET NULL ON UPDATE NO ACTION;

--
-- Ограничения внешнего ключа таблицы `hm_contentblock_content_block`
--
ALTER TABLE `hm_contentblock_content_block`
  ADD CONSTRAINT `fk_hm_contentblock_content_block_category_id` FOREIGN KEY (`category_id`) REFERENCES `hm_category_category` (`id`) ON DELETE SET NULL ON UPDATE NO ACTION;

--
-- Ограничения внешнего ключа таблицы `hm_dictionary_data`
--
ALTER TABLE `hm_dictionary_data`
  ADD CONSTRAINT `fk_hm_dictionary_data_create_user_id` FOREIGN KEY (`create_user_id`) REFERENCES `hm_user_user` (`id`) ON DELETE SET NULL ON UPDATE NO ACTION,
  ADD CONSTRAINT `fk_hm_dictionary_data_data_group_id` FOREIGN KEY (`group_id`) REFERENCES `hm_dictionary_group` (`id`) ON DELETE CASCADE ON UPDATE NO ACTION;

--
-- Ограничения внешнего ключа таблицы `hm_dictionary_group`
--
ALTER TABLE `hm_dictionary_group`
  ADD CONSTRAINT `fk_hm_dictionary_group_create_user_id` FOREIGN KEY (`create_user_id`) REFERENCES `hm_user_user` (`id`) ON DELETE SET NULL ON UPDATE NO ACTION;

--
-- Ограничения внешнего ключа таблицы `hm_feedback_feedback`
--
ALTER TABLE `hm_feedback_feedback`
  ADD CONSTRAINT `fk_hm_feedback_feedback_answer_user` FOREIGN KEY (`answer_user`) REFERENCES `hm_user_user` (`id`) ON DELETE SET NULL ON UPDATE NO ACTION,
  ADD CONSTRAINT `fk_hm_feedback_feedback_category` FOREIGN KEY (`category_id`) REFERENCES `hm_category_category` (`id`) ON DELETE SET NULL ON UPDATE NO ACTION;

--
-- Ограничения внешнего ключа таблицы `hm_help`
--
ALTER TABLE `hm_help`
  ADD CONSTRAINT `fk_hm_help_user_id` FOREIGN KEY (`user_id`) REFERENCES `hm_user_user` (`id`) ON DELETE SET NULL ON UPDATE NO ACTION;

--
-- Ограничения внешнего ключа таблицы `hm_menu_menu_item`
--
ALTER TABLE `hm_menu_menu_item`
  ADD CONSTRAINT `fk_hm_menu_menu_item_menu_id` FOREIGN KEY (`menu_id`) REFERENCES `hm_menu_menu` (`id`) ON DELETE CASCADE ON UPDATE CASCADE;

--
-- Ограничения внешнего ключа таблицы `hm_notify_settings`
--
ALTER TABLE `hm_notify_settings`
  ADD CONSTRAINT `fk_hm_notify_settings_user_id` FOREIGN KEY (`user_id`) REFERENCES `hm_user_user` (`id`) ON DELETE CASCADE ON UPDATE NO ACTION;

--
-- Ограничения внешнего ключа таблицы `hm_page_page`
--
ALTER TABLE `hm_page_page`
  ADD CONSTRAINT `fk_hm_page_page_category_id` FOREIGN KEY (`category_id`) REFERENCES `hm_category_category` (`id`) ON DELETE SET NULL ON UPDATE NO ACTION,
  ADD CONSTRAINT `fk_hm_page_page_change_user_id` FOREIGN KEY (`change_user_id`) REFERENCES `hm_user_user` (`id`) ON DELETE SET NULL ON UPDATE NO ACTION,
  ADD CONSTRAINT `fk_hm_page_page_user_id` FOREIGN KEY (`user_id`) REFERENCES `hm_user_user` (`id`) ON DELETE SET NULL ON UPDATE NO ACTION;

--
-- Ограничения внешнего ключа таблицы `hm_review`
--
ALTER TABLE `hm_review`
  ADD CONSTRAINT `fk_hm_review_parent_id` FOREIGN KEY (`parent_id`) REFERENCES `hm_review` (`id`) ON DELETE CASCADE ON UPDATE NO ACTION,
  ADD CONSTRAINT `fk_hm_review_producer_id` FOREIGN KEY (`producer_id`) REFERENCES `hm_store_producer` (`id`) ON DELETE CASCADE ON UPDATE NO ACTION,
  ADD CONSTRAINT `fk_hm_review_user_id` FOREIGN KEY (`user_id`) REFERENCES `hm_user_user` (`id`) ON DELETE CASCADE ON UPDATE NO ACTION;

--
-- Ограничения внешнего ключа таблицы `hm_store_attribute`
--
ALTER TABLE `hm_store_attribute`
  ADD CONSTRAINT `fk_hm_store_attribute_group` FOREIGN KEY (`group_id`) REFERENCES `hm_store_attribute_group` (`id`) ON DELETE CASCADE ON UPDATE CASCADE;

--
-- Ограничения внешнего ключа таблицы `hm_store_attribute_option`
--
ALTER TABLE `hm_store_attribute_option`
  ADD CONSTRAINT `fk_hm_store_attribute_option_attribute` FOREIGN KEY (`attribute_id`) REFERENCES `hm_store_attribute` (`id`) ON DELETE CASCADE ON UPDATE CASCADE;

--
-- Ограничения внешнего ключа таблицы `hm_store_category`
--
ALTER TABLE `hm_store_category`
  ADD CONSTRAINT `fk_hm_store_category_parent` FOREIGN KEY (`parent_id`) REFERENCES `hm_store_category` (`id`) ON DELETE CASCADE ON UPDATE CASCADE;

--
-- Ограничения внешнего ключа таблицы `hm_store_producer`
--
ALTER TABLE `hm_store_producer`
  ADD CONSTRAINT `fk_hm_store_producer_country_id` FOREIGN KEY (`country_id`) REFERENCES `hm_store_producer_country` (`id`) ON DELETE SET NULL ON UPDATE CASCADE;

--
-- Ограничения внешнего ключа таблицы `hm_store_producer_line`
--
ALTER TABLE `hm_store_producer_line`
  ADD CONSTRAINT `fk_hm_store_producer_line_producer_id` FOREIGN KEY (`producer_id`) REFERENCES `hm_store_producer` (`id`) ON DELETE CASCADE ON UPDATE CASCADE;

--
-- Ограничения внешнего ключа таблицы `hm_store_product`
--
ALTER TABLE `hm_store_product`
  ADD CONSTRAINT `fk_hm_store_product_category` FOREIGN KEY (`category_id`) REFERENCES `hm_store_category` (`id`) ON DELETE SET NULL ON UPDATE CASCADE,
  ADD CONSTRAINT `fk_hm_store_product_done_id` FOREIGN KEY (`done_id`) REFERENCES `hm_dictionary_data` (`id`) ON DELETE SET NULL ON UPDATE CASCADE,
  ADD CONSTRAINT `fk_hm_store_product_floor_id` FOREIGN KEY (`floor_id`) REFERENCES `hm_dictionary_data` (`id`) ON DELETE SET NULL ON UPDATE CASCADE,
  ADD CONSTRAINT `fk_hm_store_product_place_id` FOREIGN KEY (`place_id`) REFERENCES `hm_dictionary_data` (`id`) ON DELETE SET NULL ON UPDATE CASCADE,
  ADD CONSTRAINT `fk_hm_store_product_producer` FOREIGN KEY (`producer_id`) REFERENCES `hm_store_producer` (`id`) ON DELETE SET NULL ON UPDATE CASCADE,
  ADD CONSTRAINT `fk_hm_store_product_producer_line` FOREIGN KEY (`producer_line_id`) REFERENCES `hm_store_producer_line` (`id`) ON DELETE SET NULL ON UPDATE CASCADE,
  ADD CONSTRAINT `fk_hm_store_product_type` FOREIGN KEY (`type_id`) REFERENCES `hm_store_type` (`id`) ON DELETE SET NULL ON UPDATE CASCADE;

--
-- Ограничения внешнего ключа таблицы `hm_store_product_attribute_value`
--
ALTER TABLE `hm_store_product_attribute_value`
  ADD CONSTRAINT `hm_fk_product_attribute_attribute` FOREIGN KEY (`attribute_id`) REFERENCES `hm_store_attribute` (`id`) ON DELETE CASCADE,
  ADD CONSTRAINT `hm_fk_product_attribute_option` FOREIGN KEY (`option_value`) REFERENCES `hm_store_attribute_option` (`id`) ON DELETE CASCADE,
  ADD CONSTRAINT `hm_fk_product_attribute_product` FOREIGN KEY (`product_id`) REFERENCES `hm_store_product` (`id`) ON DELETE CASCADE;

--
-- Ограничения внешнего ключа таблицы `hm_store_product_category`
--
ALTER TABLE `hm_store_product_category`
  ADD CONSTRAINT `fk_hm_store_product_category_category` FOREIGN KEY (`category_id`) REFERENCES `hm_store_category` (`id`) ON DELETE CASCADE ON UPDATE CASCADE,
  ADD CONSTRAINT `fk_hm_store_product_category_product` FOREIGN KEY (`product_id`) REFERENCES `hm_store_product` (`id`) ON DELETE CASCADE ON UPDATE CASCADE;

--
-- Ограничения внешнего ключа таблицы `hm_store_product_groups`
--
ALTER TABLE `hm_store_product_groups`
  ADD CONSTRAINT `fk_hm_store_product_groups_category_id` FOREIGN KEY (`category_id`) REFERENCES `hm_store_category` (`id`) ON DELETE CASCADE ON UPDATE CASCADE;

--
-- Ограничения внешнего ключа таблицы `hm_store_product_image`
--
ALTER TABLE `hm_store_product_image`
  ADD CONSTRAINT `fk_hm_store_product_image_group` FOREIGN KEY (`group_id`) REFERENCES `hm_store_product_image_group` (`id`) ON DELETE NO ACTION ON UPDATE SET NULL,
  ADD CONSTRAINT `fk_hm_store_product_image_product` FOREIGN KEY (`product_id`) REFERENCES `hm_store_product` (`id`) ON DELETE CASCADE ON UPDATE CASCADE;

--
-- Ограничения внешнего ключа таблицы `hm_store_product_link`
--
ALTER TABLE `hm_store_product_link`
  ADD CONSTRAINT `fk_hm_store_product_link_linked_product` FOREIGN KEY (`linked_product_id`) REFERENCES `hm_store_product` (`id`) ON DELETE CASCADE ON UPDATE CASCADE,
  ADD CONSTRAINT `fk_hm_store_product_link_product` FOREIGN KEY (`product_id`) REFERENCES `hm_store_product` (`id`) ON DELETE CASCADE ON UPDATE CASCADE,
  ADD CONSTRAINT `fk_hm_store_product_link_type` FOREIGN KEY (`type_id`) REFERENCES `hm_store_product_link_type` (`id`) ON DELETE CASCADE ON UPDATE CASCADE;

--
-- Ограничения внешнего ключа таблицы `hm_store_product_tabs`
--
ALTER TABLE `hm_store_product_tabs`
  ADD CONSTRAINT `fk_hm_store_product_tabs_type` FOREIGN KEY (`product_id`) REFERENCES `hm_store_product` (`id`) ON DELETE CASCADE ON UPDATE CASCADE;

--
-- Ограничения внешнего ключа таблицы `hm_store_product_variant`
--
ALTER TABLE `hm_store_product_variant`
  ADD CONSTRAINT `fk_hm_store_product_variant_attribute` FOREIGN KEY (`attribute_id`) REFERENCES `hm_store_attribute` (`id`) ON DELETE CASCADE ON UPDATE CASCADE,
  ADD CONSTRAINT `fk_hm_store_product_variant_image_id` FOREIGN KEY (`image_id`) REFERENCES `hm_store_product_image` (`id`) ON DELETE SET NULL ON UPDATE CASCADE,
  ADD CONSTRAINT `fk_hm_store_product_variant_product` FOREIGN KEY (`product_id`) REFERENCES `hm_store_product` (`id`) ON DELETE CASCADE ON UPDATE CASCADE;

--
-- Ограничения внешнего ключа таблицы `hm_store_type_attribute`
--
ALTER TABLE `hm_store_type_attribute`
  ADD CONSTRAINT `fk_hm_store_type_attribute_attribute` FOREIGN KEY (`attribute_id`) REFERENCES `hm_store_attribute` (`id`) ON DELETE CASCADE ON UPDATE CASCADE,
  ADD CONSTRAINT `fk_hm_store_type_attribute_type` FOREIGN KEY (`type_id`) REFERENCES `hm_store_type` (`id`) ON DELETE CASCADE ON UPDATE CASCADE;

--
-- Ограничения внешнего ключа таблицы `hm_user_tokens`
--
ALTER TABLE `hm_user_tokens`
  ADD CONSTRAINT `fk_hm_user_tokens_user_id` FOREIGN KEY (`user_id`) REFERENCES `hm_user_user` (`id`) ON DELETE CASCADE ON UPDATE CASCADE;

--
-- Ограничения внешнего ключа таблицы `hm_video_item`
--
ALTER TABLE `hm_video_item`
  ADD CONSTRAINT `fk_hm_video_item_gallery_id` FOREIGN KEY (`gallery_id`) REFERENCES `hm_video_gallery` (`id`) ON DELETE CASCADE ON UPDATE CASCADE;

--
-- Ограничения внешнего ключа таблицы `hm_webforma_settings`
--
ALTER TABLE `hm_webforma_settings`
  ADD CONSTRAINT `fk_hm_webforma_settings_user_id` FOREIGN KEY (`user_id`) REFERENCES `hm_user_user` (`id`) ON DELETE SET NULL ON UPDATE NO ACTION;

/*!40101 SET CHARACTER_SET_CLIENT=@OLD_CHARACTER_SET_CLIENT */;
/*!40101 SET CHARACTER_SET_RESULTS=@OLD_CHARACTER_SET_RESULTS */;
/*!40101 SET COLLATION_CONNECTION=@OLD_COLLATION_CONNECTION */;
